Year,MJJA,NTREND2015,upper2sigma,lower2sigma,,MJJAspl20,NTREND2015spl20,upper2sigma,lower2sigma
750,,-0.279,1.438,-1.996,,,-0.463,6.01E-03,-0.9321
751,,-0.3074,1.4096,-2.0243,,,-0.4694,-3.62E-04,-0.9384
752,,-0.4209,1.296,-2.1379,,,-0.4803,-0.0112,-0.9493
753,,-0.1939,1.5231,-1.9108,,,-0.494,-0.0249,-0.963
754,,-0.8183,0.8986,-2.5353,,,-0.5079,-0.0388,-0.9769
755,,-0.3661,1.1926,-1.9247,,,-0.5177,-0.0854,-0.95
756,,-0.9005,0.6581,-2.4591,,,-0.5204,-0.0881,-0.9527
757,,-0.9272,0.6314,-2.4858,,,-0.5131,-0.0808,-0.9454
758,,-0.3928,1.1658,-1.9514,,,-0.496,-0.0637,-0.9282
759,,-0.3661,1.1926,-1.9247,,,-0.472,-0.0398,-0.9043
760,,-0.3678,1.04,-1.7755,,,-0.4444,-0.0708,-0.818
761,,-0.6092,0.7986,-2.0169,,,-0.4151,-0.0415,-0.7887
762,,-0.5653,0.8425,-1.973,,,-0.3857,-0.0121,-0.7593
763,,-0.28,1.1278,-1.6878,,,-0.3594,0.0142,-0.733
764,,5.28E-03,1.413,-1.4025,,,-0.3406,0.033,-0.7142
765,,-0.0167,1.3911,-1.4244,,,-0.333,0.0406,-0.7066
766,,-0.4336,0.9742,-1.8414,,,-0.3373,0.0363,-0.7109
767,,-0.2361,1.1717,-1.6439,,,-0.3519,0.0217,-0.7255
768,,-0.2581,1.1497,-1.6658,,,-0.3751,-1.49E-03,-0.7487
769,,-0.4117,0.9961,-1.8194,,,-0.4042,-0.0306,-0.7778
770,,-0.4336,0.9742,-1.8414,,,-0.4358,-0.0623,-0.8094
771,,-0.2581,1.1497,-1.6658,,,-0.4664,-0.0928,-0.84
772,,-0.8725,0.5353,-2.2803,,,-0.4919,-0.1183,-0.8655
773,,-0.8944,0.5133,-2.3022,,,-0.5076,-0.134,-0.8812
774,,-0.4556,0.9522,-1.8633,,,-0.5117,-0.1381,-0.8853
775,,-0.6531,0.7547,-2.0608,,,-0.5052,-0.1316,-0.8788
776,,-0.4775,0.9303,-1.8853,,,-0.4897,-0.1161,-0.8633
777,,-0.3458,1.0619,-1.7536,,,-0.4678,-0.0942,-0.8414
778,,-0.3458,1.0619,-1.7536,,,-0.4418,-0.0682,-0.8154
779,,-0.3239,1.0839,-1.7317,,,-0.4133,-0.0397,-0.7868
780,,-0.7189,0.6889,-2.1267,,,-0.3826,-9.04E-03,-0.7562
781,,-0.1264,1.2814,-1.5342,,,-0.3502,0.0234,-0.7238
782,,-0.3458,1.0619,-1.7536,,,-0.3181,0.0555,-0.6916
783,,-0.3058,1.0406,-1.6523,,,-0.2872,0.0701,-0.6446
784,,-0.3708,0.9757,-1.7172,,,-0.2587,0.0986,-0.6161
785,,-0.0245,1.3219,-1.371,,,-0.2339,0.1234,-0.5912
786,,-0.3708,0.9757,-1.7172,,,-0.2144,0.1429,-0.5718
787,,0.0837,1.4301,-1.2628,,,-0.2012,0.1561,-0.5585
788,,-0.1111,1.2354,-1.4575,,,-0.1952,0.1621,-0.5525
789,,-0.3924,0.954,-1.7389,,,-0.1957,0.1616,-0.553
790,,-2.87E-03,1.3436,-1.3493,,,-0.2014,0.1559,-0.5587
791,,-0.6737,0.6727,-2.0202,,,-0.2117,0.1456,-0.569
792,,-0.0245,1.3219,-1.371,,,-0.2258,0.1315,-0.5831
793,,-0.0245,1.3219,-1.371,,,-0.2452,0.1121,-0.6025
794,,-0.2842,1.0622,-1.6307,,,-0.2707,0.0867,-0.628
795,,-0.0894,1.257,-1.4359,,,-0.301,0.0563,-0.6583
796,,-0.3708,0.9757,-1.7172,,,-0.3346,0.0227,-0.6919
797,,-0.414,0.9324,-1.7605,,,-0.3684,-0.0111,-0.7257
798,,-0.2626,1.0839,-1.609,,,-0.3994,-0.0421,-0.7567
799,,-0.6521,0.6943,-1.9986,,,-0.4247,-0.0674,-0.782
800,,-0.7481,0.3953,-1.8914,,,-0.441,-0.1354,-0.7466
801,,-0.3859,0.7575,-1.5293,,,-0.4467,-0.1411,-0.7523
802,,-0.4538,0.6895,-1.5972,,,-0.4424,-0.1368,-0.748
803,,-0.4765,0.6669,-1.6198,,,-0.429,-0.1234,-0.7346
804,,-0.6575,0.4858,-1.8009,,,-0.4073,-0.1018,-0.7129
805,,-0.318,0.8254,-1.4614,,,-0.379,-0.0734,-0.6845
806,,-0.2954,0.848,-1.4387,,,-0.3471,-0.0415,-0.6527
807,,-0.2954,0.848,-1.4387,,,-0.3148,-9.24E-03,-0.6204
808,,-0.0917,1.0517,-1.235,,,-0.2848,0.0207,-0.5904
809,,-0.2501,0.8933,-1.3935,,,-0.2592,0.0464,-0.5648
810,,-0.4538,0.6895,-1.5972,,,-0.2388,0.0668,-0.5444
811,,0.0894,1.2328,-1.054,,,-0.2244,0.0811,-0.53
812,,-0.2048,0.9385,-1.3482,,,-0.2177,0.0879,-0.5233
813,,0.0441,1.1875,-1.0992,,,-0.2187,0.0869,-0.5242
814,,-0.4085,0.7348,-1.5519,,,-0.2262,0.0794,-0.5318
815,,-0.1596,0.9838,-1.3029,,,-0.2379,0.0677,-0.5434
816,,-0.4085,0.7348,-1.5519,,,-0.2518,0.0538,-0.5573
817,,-0.4417,0.6741,-1.5574,,,-0.2662,0.02,-0.5523
818,,-0.3544,0.7613,-1.4702,,,-0.2804,5.79E-03,-0.5666
819,,-0.1363,0.9794,-1.2521,,,-0.2954,-9.19E-03,-0.5816
820,,-0.2018,0.914,-1.3175,,,-0.3125,-0.0263,-0.5987
821,,-0.2269,0.8593,-1.3131,,,-0.3321,-0.0571,-0.6071
822,,0.0262,1.1124,-1.06,,,-0.3533,-0.0783,-0.6283
823,,-0.5222,0.5641,-1.6084,,,-0.3738,-0.0987,-0.6488
824,,-0.7963,0.2899,-1.8826,,,-0.3888,-0.1138,-0.6638
825,,-0.4378,0.6484,-1.524,,,-0.3948,-0.1197,-0.6698
826,,-0.2902,0.7961,-1.3764,,,-0.3908,-0.1158,-0.6659
827,,-0.5693,0.5048,-1.6434,,,-0.3771,-0.1069,-0.6473
828,,-0.4837,0.5903,-1.5578,,,-0.3533,-0.083,-0.6235
829,,-0.4196,0.6545,-1.4937,,,-0.3204,-0.0502,-0.5906
830,,-0.3768,0.6973,-1.4509,,,-0.2809,-0.0107,-0.5511
831,,-0.0773,0.9967,-1.1514,,,-0.2381,0.0321,-0.5083
832,,-0.056,1.0181,-1.13,,,-0.196,0.0743,-0.4662
833,,0.051,1.1251,-1.0231,,,-0.1573,0.1129,-0.4275
834,,-0.0346,1.0395,-1.1086,,,-0.1233,0.1469,-0.3935
835,,-0.0346,1.0395,-1.1086,,,-0.0937,0.1765,-0.3639
836,,-0.334,0.7401,-1.4081,,,-0.0669,0.2033,-0.3371
837,,-0.0773,0.9967,-1.1514,,,-0.0414,0.2288,-0.3117
838,,8.21E-03,1.0823,-1.0659,,,-0.0175,0.2527,-0.2877
839,,-0.056,1.0181,-1.13,,,4.22E-03,0.2744,-0.266
840,,-0.0132,1.0609,-1.0873,,,0.0229,0.2931,-0.2474
841,,-0.0346,1.0395,-1.1086,,,0.0372,0.3075,-0.233
842,,0.1365,1.2106,-0.9375,,,0.0458,0.316,-0.2245
843,,0.1365,1.2106,-0.9375,,,0.0464,0.3166,-0.2238
844,,0.051,1.1251,-1.0231,,,0.0377,0.3079,-0.2325
845,,-0.0346,1.0395,-1.1086,,,0.0191,0.2894,-0.2511
846,,0.1365,1.2106,-0.9375,,,-9.83E-03,0.2604,-0.28
847,,-0.0346,1.0395,-1.1086,,,-0.0498,0.2204,-0.32
848,,0.1579,1.232,-0.9161,,,-0.1004,0.1698,-0.3706
849,,-0.056,1.0181,-1.13,,,-0.1606,0.1096,-0.4308
850,,0.051,1.1251,-1.0231,,,-0.2275,0.0427,-0.4977
851,,-0.3982,0.6759,-1.4723,,,-0.2965,-0.0263,-0.5667
852,,-0.3768,0.6973,-1.4509,,,-0.3614,-0.0912,-0.6317
853,,-0.9115,0.1625,-1.9856,,,-0.4162,-0.146,-0.6864
854,,-0.7618,0.3123,-1.8359,,,-0.4557,-0.1855,-0.7259
855,,-0.3126,0.7614,-1.3867,,,-0.4788,-0.2086,-0.749
856,,-0.7832,0.2909,-1.8573,,,-0.4867,-0.2165,-0.7569
857,,-0.5907,0.4834,-1.6648,,,-0.4806,-0.2104,-0.7508
858,,-0.4196,0.6545,-1.4937,,,-0.4635,-0.1933,-0.7337
859,,-0.3982,0.6759,-1.4723,,,-0.4396,-0.1693,-0.7098
860,,-0.2912,0.7828,-1.3653,,,-0.4127,-0.1425,-0.6829
861,,-0.1629,0.9112,-1.237,,,-0.3863,-0.1161,-0.6565
862,,-0.1843,0.8898,-1.2584,,,-0.3627,-0.0925,-0.6329
863,,-0.2057,0.8684,-1.2798,,,-0.342,-0.0718,-0.6122
864,,-0.3554,0.7187,-1.4295,,,-0.3229,-0.0526,-0.5931
865,,-0.5693,0.5048,-1.6434,,,-0.3026,-0.0324,-0.5728
866,,-0.2699,0.8042,-1.3439,,,-0.2791,-8.87E-03,-0.5493
867,,-0.5479,0.5262,-1.622,,,-0.2519,0.0183,-0.5221
868,,-0.0987,0.9753,-1.1728,,,-0.2214,0.0488,-0.4916
869,,-0.1201,0.954,-1.1942,,,-0.1899,0.0803,-0.4601
870,,-0.2057,0.8684,-1.2798,,,-0.159,0.1112,-0.4292
871,,-0.1201,0.954,-1.1942,,,-0.1299,0.1403,-0.4001
872,,-0.0346,1.0395,-1.1086,,,-0.1039,0.1663,-0.3741
873,,0.1152,1.1892,-0.9589,,,-0.0822,0.188,-0.3524
874,,-0.0132,1.0609,-1.0873,,,-0.0653,0.2049,-0.3356
875,,-0.1843,0.8898,-1.2584,,,-0.0522,0.218,-0.3224
876,,-0.0773,0.9967,-1.1514,,,-0.0413,0.2289,-0.3115
877,,8.21E-03,1.0823,-1.0659,,,-0.032,0.2382,-0.3022
878,,-0.1629,0.9112,-1.237,,,-0.024,0.2462,-0.2942
879,,-0.2699,0.8042,-1.3439,,,-0.0171,0.2531,-0.2873
880,,0.2007,1.2748,-0.8734,,,-0.0123,0.2579,-0.2825
881,,-0.0132,1.0609,-1.0873,,,-0.0121,0.2582,-0.2823
882,,0.3718,1.4459,-0.7022,,,-0.018,0.2523,-0.2882
883,,-0.056,1.0181,-1.13,,,-0.0306,0.2396,-0.3008
884,,-0.1629,0.9112,-1.237,,,-0.048,0.2222,-0.3182
885,,0.1365,1.2106,-0.9375,,,-0.0681,0.2021,-0.3383
886,,0.1365,1.2106,-0.9375,,,-0.089,0.1812,-0.3592
887,,-0.334,0.7401,-1.4081,,,-0.1075,0.1627,-0.3777
888,,-0.7404,0.3337,-1.8145,,,-0.119,0.1512,-0.3892
889,,-0.4837,0.5903,-1.5578,,,-0.1208,0.1494,-0.391
890,,-0.2057,0.8684,-1.2798,,,-0.1154,0.1549,-0.3856
891,,-0.0365,1.0249,-1.0979,,,-0.1086,0.1636,-0.3809
892,,0.179,1.2404,-0.8824,,,-0.1076,0.1647,-0.3798
893,,0.3299,1.3913,-0.7315,,,-0.1185,0.1538,-0.3907
894,,0.2652,1.3266,-0.7962,,,-0.1447,0.1275,-0.417
895,,6.58E-03,1.068,-1.0548,,,-0.1859,0.0864,-0.4581
896,,-0.5538,0.5076,-1.6152,,,-0.2376,0.0346,-0.5099
897,,-0.3598,0.7016,-1.4213,,,-0.2944,-0.0221,-0.5666
898,,-0.1012,0.9602,-1.1626,,,-0.3523,-0.0801,-0.6245
899,,-0.4892,0.5722,-1.5506,,,-0.4082,-0.1359,-0.6804
900,,-0.7909,0.2705,-1.8523,,,-0.4573,-0.185,-0.7295
901,,-0.7047,0.3567,-1.7661,,,-0.4956,-0.2234,-0.7679
902,,-0.2952,0.7662,-1.3566,,,-0.5219,-0.2497,-0.7941
903,,-0.6185,0.4429,-1.6799,,,-0.5362,-0.264,-0.8085
904,,-0.5107,0.5507,-1.5721,,,-0.5378,-0.2656,-0.8101
905,,-0.5969,0.4645,-1.6583,,,-0.526,-0.2537,-0.7982
906,,-0.6616,0.3998,-1.723,,,-0.5,-0.2277,-0.7722
907,,-0.5107,0.5507,-1.5721,,,-0.4599,-0.1877,-0.7322
908,,-0.5969,0.4645,-1.6583,,,-0.4071,-0.1349,-0.6794
909,,-0.64,0.4214,-1.7015,,,-0.3438,-0.0715,-0.616
910,,-0.0467,0.9582,-1.0516,,,-0.2738,-0.0286,-0.519
911,,-0.0103,0.9946,-1.0152,,,-0.2032,0.042,-0.4483
912,,0.0261,1.031,-0.9788,,,-0.1363,0.1088,-0.3815
913,,-0.2832,0.7217,-1.2881,,,-0.076,0.1691,-0.3212
914,,0.117,1.1219,-0.8879,,,-0.0239,0.2213,-0.269
915,,0.3535,1.3584,-0.6514,,,0.0177,0.2628,-0.2275
916,,-0.0285,0.9764,-1.0334,,,0.0472,0.2924,-0.198
917,,7.88E-03,1.0128,-0.997,,,0.0657,0.3108,-0.1795
918,,0.2341,1.1914,-0.7232,,,0.0739,0.3048,-0.1569
919,,0.1509,1.1082,-0.8064,,,0.0727,0.3035,-0.1581
920,,-0.0655,0.8918,-1.0228,,,0.0636,0.2944,-0.1672
921,,-0.0988,0.8585,-1.0561,,,0.049,0.2798,-0.1818
922,,0.2674,1.2247,-0.6899,,,0.0302,0.261,-0.2007
923,,0.0676,1.0249,-0.8896,,,7.63E-03,0.2385,-0.2232
924,,-0.1488,0.8085,-1.1061,,,-0.0166,0.2142,-0.2475
925,,-0.1654,0.7919,-1.1227,,,-0.0402,0.1907,-0.271
926,,-0.1488,0.8085,-1.1061,,,-0.0614,0.1694,-0.2923
927,,-0.3486,0.6087,-1.3059,,,-0.0801,0.1508,-0.3109
928,,0.1675,1.1248,-0.7898,,,-0.0969,0.1339,-0.3277
929,,0.1342,1.0915,-0.8231,,,-0.1143,0.1165,-0.3451
930,,-0.1155,0.8418,-1.0728,,,-0.1328,0.098,-0.3636
931,,-0.1282,0.8177,-1.0741,,,-0.151,0.0784,-0.3804
932,,-0.2276,0.7183,-1.1735,,,-0.1669,0.0625,-0.3963
933,,-0.3766,0.5693,-1.3225,,,-0.1784,0.051,-0.4078
934,,-0.3932,0.5527,-1.3391,,,-0.184,0.0454,-0.4135
935,,-0.1613,0.7846,-1.1072,,,-0.1842,0.0452,-0.4136
936,,0.0208,0.9667,-0.9251,,,-0.1809,0.0486,-0.4103
937,,-0.1355,0.8253,-1.0963,,,-0.1758,0.0615,-0.413
938,,-0.0426,0.9182,-1.0034,,,-0.1694,0.0678,-0.4067
939,,-0.1355,0.8253,-1.0963,,,-0.1614,0.0759,-0.3987
940,,-0.5441,0.4167,-1.5049,,,-0.1504,0.0869,-0.3876
941,,-0.1541,0.8067,-1.1149,,,-0.1353,0.102,-0.3725
942,,-0.2469,0.7139,-1.2077,,,-0.1176,0.1197,-0.3548
943,,-0.1726,0.7882,-1.1334,,,-0.0998,0.1374,-0.3371
944,,0.3474,1.3082,-0.6134,,,-0.0854,0.1519,-0.3226
945,,-0.0984,0.8624,-1.0591,,,-0.0777,0.1596,-0.3149
946,,0.0874,1.0482,-0.8734,,,-0.0776,0.1597,-0.3148
947,,-5.49E-03,0.9553,-0.9663,,,-0.0849,0.1523,-0.3222
948,,0.0317,0.9924,-0.9291,,,-0.0985,0.1387,-0.3358
949,,0.1617,1.1224,-0.7991,,,-0.1162,0.1211,-0.3534
950,,-0.3026,0.6581,-1.2634,,,-0.1342,0.1031,-0.3715
951,,-0.4698,0.491,-1.4306,,,-0.1472,0.0901,-0.3845
952,,-0.6184,0.3424,-1.5792,,,-0.151,0.0863,-0.3882
953,,-0.2841,0.6767,-1.2449,,,-0.1444,0.0929,-0.3816
954,,-0.2098,0.751,-1.1706,,,-0.1301,0.1072,-0.3674
955,,0.0131,0.9739,-0.9477,,,-0.1126,0.1246,-0.3499
956,,0.1988,1.1596,-0.762,,,-0.097,0.1402,-0.3343
957,,0.2917,1.2525,-0.6691,,,-0.0871,0.1502,-0.3243
958,,-0.1541,0.8067,-1.1149,,,-0.0839,0.1533,-0.3212
959,,-0.0984,0.8624,-1.0591,,,-0.0858,0.1514,-0.3231
960,,-0.1169,0.8439,-1.0777,,,-0.091,0.1463,-0.3282
961,,-0.2841,0.6767,-1.2449,,,-0.0977,0.1396,-0.335
962,,-0.1169,0.8439,-1.0777,,,-0.1049,0.1324,-0.3421
963,,-0.3212,0.6396,-1.282,,,-0.1127,0.1246,-0.3499
964,,0.0688,1.0296,-0.892,,,-0.1219,0.1154,-0.3592
965,,-5.49E-03,0.9553,-0.9663,,,-0.1345,0.1027,-0.3718
966,,-0.0798,0.881,-1.0406,,,-0.1513,0.0859,-0.3886
967,,-0.1541,0.8067,-1.1149,,,-0.1719,0.0654,-0.4091
968,,0.1059,1.0667,-0.8549,,,-0.195,0.0423,-0.4322
969,,-0.5627,0.3981,-1.5234,,,-0.2188,0.0185,-0.456
970,,-0.3584,0.6024,-1.3192,,,-0.2399,-2.68E-03,-0.4772
971,,-0.3398,0.621,-1.3006,,,-0.2571,-0.0199,-0.4944
972,,-0.3026,0.6581,-1.2634,,,-0.2705,-0.0332,-0.5077
973,,-0.3584,0.6024,-1.3192,,,-0.2808,-0.0435,-0.518
974,,-0.1355,0.8253,-1.0963,,,-0.2894,-0.0522,-0.5267
975,,-0.1541,0.8067,-1.1149,,,-0.298,-0.0608,-0.5353
976,,-0.4512,0.5096,-1.412,,,-0.3072,-0.07,-0.5445
977,,-0.0798,0.881,-1.0406,,,-0.3165,-0.0793,-0.5538
978,,-0.1578,0.7918,-1.1075,,,-0.3258,-0.0913,-0.5603
979,,-0.5088,0.4409,-1.4584,,,-0.3335,-0.099,-0.568
980,,-0.1209,0.8288,-1.0705,,,-0.3367,-0.1022,-0.5712
981,,-0.8597,0.0899,-1.8094,,,-0.333,-0.0985,-0.5675
982,,-0.3056,0.6441,-1.2552,,,-0.3199,-0.0854,-0.5544
983,,-0.3795,0.5702,-1.3291,,,-0.2977,-0.0632,-0.5322
984,,-0.3425,0.6071,-1.2922,,,-0.2679,-0.0334,-0.5024
985,,-0.4164,0.5332,-1.3661,,,-0.2324,2.07E-03,-0.4669
986,,0.2116,1.1613,-0.738,,,-0.1941,0.0404,-0.4286
987,,-0.2502,0.6995,-1.1998,,,-0.1566,0.0779,-0.3911
988,,-0.1578,0.7918,-1.1075,,,-0.1211,0.1134,-0.3556
989,,-0.1763,0.7734,-1.1259,,,-0.0891,0.1454,-0.3236
990,,0.0454,0.995,-0.9043,,,-0.0624,0.1721,-0.2969
991,,0.0823,1.032,-0.8673,,,-0.0434,0.1911,-0.2779
992,,8.43E-03,0.9581,-0.9412,,,-0.0337,0.2008,-0.2682
993,,0.1193,1.0689,-0.8304,,,-0.0339,0.2006,-0.2683
994,,-0.01,0.9396,-0.9597,,,-0.0436,0.1909,-0.2781
995,,0.1193,1.0689,-0.8304,,,-0.0616,0.1729,-0.2961
996,,-0.1393,0.8103,-1.089,,,-0.0859,0.1486,-0.3204
997,,-0.01,0.9396,-0.9597,,,-0.1131,0.1214,-0.3476
998,,-0.2686,0.681,-1.2183,,,-0.1401,0.0944,-0.3746
999,,-0.6381,0.3116,-1.5877,,,-0.1631,0.0714,-0.3976
1000,,-0.0285,0.9211,-0.9782,,,-0.1798,0.0547,-0.4143
1001,,-0.1948,0.7549,-1.1444,,,-0.191,0.0435,-0.4255
1002,,-0.1948,0.7549,-1.1444,,,-0.1974,0.0371,-0.4319
1003,,-0.2871,0.6625,-1.2368,,,-0.1992,0.0353,-0.4337
1004,,-0.2317,0.7179,-1.1813,,,-0.197,0.0375,-0.4315
1005,,0.0454,0.995,-0.9043,,,-0.1919,0.0426,-0.4264
1006,,-0.0285,0.9211,-0.9782,,,-0.185,0.0495,-0.4195
1007,,-0.3056,0.6441,-1.2552,,,-0.1757,0.0588,-0.4102
1008,,-0.1763,0.7734,-1.1259,,,-0.1621,0.0723,-0.3966
1009,,-0.1948,0.7549,-1.1444,,,-0.1431,0.0914,-0.3776
1010,,-0.4534,0.4963,-1.403,,,-0.1179,0.1166,-0.3524
1011,,-0.047,0.9027,-0.9966,,,-0.0864,0.1481,-0.3209
1012,,-0.1393,0.8103,-1.089,,,-0.0511,0.1834,-0.2856
1013,,-0.1024,0.8472,-1.052,,,-0.0146,0.2199,-0.2491
1014,,0.3409,1.2906,-0.6087,,,0.0197,0.2542,-0.2148
1015,,8.43E-03,0.9581,-0.9412,,,0.0483,0.2828,-0.1862
1016,,0.1008,1.0504,-0.8489,,,0.0694,0.3039,-0.1651
1017,,0.1008,1.0504,-0.8489,,,0.0818,0.3162,-0.1527
1018,,0.5441,1.4938,-0.4055,,,0.0841,0.3186,-0.1504
1019,,0.1377,1.0874,-0.8119,,,0.0763,0.3108,-0.1582
1020,,-0.0655,0.8842,-1.0151,,,0.061,0.2955,-0.1735
1021,,-0.2871,0.6625,-1.2368,,,0.0422,0.2767,-0.1923
1022,,0.1377,1.0874,-0.8119,,,0.0223,0.2568,-0.2122
1023,,8.43E-03,0.9581,-0.9412,,,1.70E-03,0.2362,-0.2328
1024,,-0.1553,0.7698,-1.0804,,,-0.0189,0.2095,-0.2474
1025,,-0.1192,0.8059,-1.0444,,,-0.039,0.1894,-0.2675
1026,,0.043,0.9681,-0.8821,,,-0.0589,0.1695,-0.2874
1027,,-0.1192,0.8059,-1.0444,,,-0.0796,0.1488,-0.3081
1028,,0.3134,1.2385,-0.6117,,,-0.1016,0.1269,-0.33
1029,,-0.1373,0.7879,-1.0624,,,-0.1247,0.1037,-0.3532
1030,,-0.1192,0.8059,-1.0444,,,-0.1463,0.0821,-0.3748
1031,,-0.3175,0.6076,-1.2426,,,-0.1631,0.0654,-0.3915
1032,,-0.7862,0.1389,-1.7113,,,-0.1717,0.0567,-0.4002
1033,,0.043,0.9681,-0.8821,,,-0.171,0.0575,-0.3994
1034,,-0.1192,0.8059,-1.0444,,,-0.1634,0.065,-0.3919
1035,,-0.2274,0.6977,-1.1525,,,-0.1512,0.0772,-0.3797
1036,,-0.2454,0.6797,-1.1705,,,-0.136,0.0924,-0.3645
1037,,-0.1733,0.7518,-1.0984,,,-0.1201,0.1084,-0.3485
1038,,-0.0111,0.914,-0.9362,,,-0.1064,0.122,-0.3349
1039,,0.3314,1.2565,-0.5937,,,-0.0987,0.1298,-0.3271
1040,,-0.1977,0.7178,-1.1133,,,-0.0991,0.1298,-0.3279
1041,,-2.03E-03,0.9135,-0.9176,,,-0.1071,0.1218,-0.336
1042,,-0.1799,0.7356,-1.0955,,,-0.122,0.1069,-0.3509
1043,,0.0869,1.0025,-0.8286,,,-0.1427,0.0862,-0.3716
1044,,-0.2155,0.7,-1.1311,,,-0.1678,0.061,-0.3967
1045,,-0.1266,0.789,-1.0421,,,-0.1947,0.0342,-0.4236
1046,,-0.2333,0.6823,-1.1488,,,-0.2206,8.31E-03,-0.4495
1047,,-0.4823,0.4332,-1.3979,,,-0.2422,-0.0134,-0.4711
1048,,-0.4112,0.5044,-1.3267,,,-0.2569,-0.028,-0.4858
1049,,-0.1977,0.7178,-1.1133,,,-0.2636,-0.0347,-0.4925
1050,,-0.2689,0.6467,-1.1844,,,-0.2627,-0.0338,-0.4915
1051,,-0.3578,0.5577,-1.2734,,,-0.2542,-0.0253,-0.4831
1052,,-0.3045,0.6111,-1.22,,,-0.2385,-9.61E-03,-0.4674
1053,,-0.0887,0.8236,-1.001,,,-0.2166,0.0115,-0.4447
1054,,-0.4143,0.498,-1.3266,,,-0.1899,0.0382,-0.418
1055,,-0.2696,0.6427,-1.1819,,,-0.1595,0.0686,-0.3875
1056,,-0.1791,0.7331,-1.0914,,,-0.1278,0.1002,-0.3559
1057,,0.1826,1.0949,-0.7297,,,-0.0987,0.1294,-0.3267
1058,,0.0741,0.9864,-0.8382,,,-0.0756,0.1524,-0.3037
1059,,-0.1068,0.8055,-1.0191,,,-0.0605,0.1676,-0.2886
1060,,0.056,0.9683,-0.8563,,,-0.0537,0.1744,-0.2817
1061,,0.2188,1.1311,-0.6935,,,-0.0553,0.1728,-0.2834
1062,,-0.0164,0.8959,-0.9286,,,-0.0647,0.1634,-0.2928
1063,,-0.2334,0.6789,-1.1457,,,-0.0789,0.1492,-0.3069
1064,,-0.1068,0.8055,-1.0191,,,-0.0945,0.1336,-0.3226
1065,,-0.143,0.7693,-1.0552,,,-0.1092,0.1189,-0.3372
1066,,-0.1068,0.8055,-1.0191,,,-0.1208,0.1073,-0.3489
1067,,-0.2696,0.6427,-1.1819,,,-0.1276,0.1005,-0.3556
1068,,-0.3419,0.5704,-1.2542,,,-0.1278,0.1002,-0.3559
1069,,-0.3058,0.6065,-1.218,,,-0.1212,0.1068,-0.3493
1070,,0.0741,0.9864,-0.8382,,,-0.1093,0.1188,-0.3374
1071,,-0.143,0.7693,-1.0552,,,-0.0948,0.1333,-0.3229
1072,,0.0741,0.9864,-0.8382,,,-0.0798,0.1483,-0.3078
1073,,-3.37E-03,0.8845,-0.8912,,,-0.0659,0.1561,-0.2878
1074,,0.1165,1.0043,-0.7714,,,-0.0538,0.1681,-0.2758
1075,,-0.089,0.7989,-0.9768,,,-0.0435,0.1785,-0.2655
1076,,-0.2602,0.6277,-1.148,,,-0.0335,0.1885,-0.2555
1077,,-0.0376,0.8502,-0.9255,,,-0.0229,0.1991,-0.2448
1078,,0.0651,0.953,-0.8227,,,-0.0122,0.2097,-0.2342
1079,,0.1507,1.0386,-0.7371,,,-2.51E-03,0.2195,-0.2245
1080,,-0.0205,0.8674,-0.9083,,,6.05E-03,0.228,-0.2159
1081,,0.0651,0.953,-0.8227,,,0.0143,0.2363,-0.2077
1082,,-0.1061,0.7818,-0.9939,,,0.0232,0.2452,-0.1987
1083,,-0.1575,0.7304,-1.0453,,,0.034,0.2559,-0.188
1084,,0.1336,1.0214,-0.7542,,,0.0466,0.2685,-0.1754
1085,,-0.0376,0.8502,-0.9255,,,0.0597,0.2816,-0.1623
1086,,0.3048,1.1926,-0.583,,,0.0722,0.2941,-0.1498
1087,,-0.0718,0.816,-0.9597,,,0.0827,0.3047,-0.1393
1088,,-0.1061,0.7818,-0.9939,,,0.0911,0.3131,-0.1308
1089,,0.185,1.0728,-0.7029,,,0.0963,0.3182,-0.1257
1090,,0.2363,1.1242,-0.6515,,,0.0956,0.3176,-0.1264
1091,,0.2192,1.107,-0.6686,,,0.0871,0.3091,-0.1349
1092,,0.0994,0.9872,-0.7885,,,0.07,0.292,-0.152
1093,,0.1678,1.0557,-0.72,,,0.0446,0.2666,-0.1774
1094,,-3.37E-03,0.8845,-0.8912,,,0.0119,0.2339,-0.21
1095,,-0.1061,0.7818,-0.9939,,,-0.0263,0.1957,-0.2482
1096,,0.1336,1.0214,-0.7542,,,-0.0682,0.1537,-0.2902
1097,,0.0651,0.953,-0.8227,,,-0.1124,0.1096,-0.3344
1098,,-0.2602,0.6277,-1.148,,,-0.1558,0.0662,-0.3777
1099,,-0.5855,0.3024,-1.4733,,,-0.194,0.028,-0.416
1100,,-0.4827,0.4051,-1.3706,,,-0.2238,-1.85E-03,-0.4458
1101,,-0.4656,0.4222,-1.3535,,,-0.245,-0.023,-0.467
1102,,-0.2773,0.6105,-1.1651,,,-0.2601,-0.0381,-0.4821
1103,,-0.0205,0.8674,-0.9083,,,-0.2735,-0.0515,-0.4954
1104,,-0.2088,0.679,-1.0967,,,-0.2895,-0.0676,-0.5115
1105,,-0.0718,0.816,-0.9597,,,-0.3111,-0.0891,-0.533
1106,,0.048,0.9358,-0.8399,,,-0.3394,-0.1174,-0.5613
1107,,-0.2259,0.6619,-1.1138,,,-0.3735,-0.1515,-0.5955
1108,,-0.6368,0.251,-1.5247,,,-0.4094,-0.1874,-0.6313
1109,,-0.8423,0.0456,-1.7301,,,-0.4417,-0.2198,-0.6637
1110,,-0.4314,0.4565,-1.3192,,,-0.4671,-0.2452,-0.6891
1111,,-0.7567,0.1312,-1.6445,,,-0.4851,-0.2631,-0.7071
1112,,-0.4999,0.388,-1.3877,,,-0.4959,-0.274,-0.7179
1113,,-0.3115,0.5763,-1.1994,,,-0.5017,-0.2798,-0.7237
1114,,-0.3629,0.5249,-1.2507,,,-0.5047,-0.2828,-0.7267
1115,,-0.5683,0.3195,-1.4562,,,-0.5057,-0.2837,-0.7277
1116,,-0.4314,0.4565,-1.3192,,,-0.5043,-0.2823,-0.7262
1117,,-0.4656,0.4222,-1.3535,,,-0.5001,-0.2782,-0.7221
1118,,-0.5855,0.3024,-1.4733,,,-0.4926,-0.2706,-0.7145
1119,,-0.5512,0.3366,-1.4391,,,-0.4807,-0.2587,-0.7026
1120,,-0.6882,0.1997,-1.576,,,-0.4642,-0.2422,-0.6861
1121,,-0.5683,0.3195,-1.4562,,,-0.4438,-0.2218,-0.6658
1122,,-0.3971,0.4907,-1.285,,,-0.422,-0.2,-0.6439
1123,,-0.0547,0.8331,-0.9426,,,-0.4024,-0.1804,-0.6243
1124,,-0.1917,0.6962,-1.0795,,,-0.388,-0.166,-0.61
1125,,-0.1917,0.6962,-1.0795,,,-0.3794,-0.1574,-0.6014
1126,,-0.5341,0.3537,-1.4219,,,-0.3749,-0.1529,-0.5968
1127,,-0.7224,0.1654,-1.6103,,,-0.3714,-0.1495,-0.5934
1128,,-0.4485,0.4393,-1.3363,,,-0.3675,-0.1455,-0.5895
1129,,-0.2088,0.679,-1.0967,,,-0.364,-0.1421,-0.586
1130,,-0.5341,0.3537,-1.4219,,,-0.3629,-0.1409,-0.5849
1131,,-0.089,0.7989,-0.9768,,,-0.3654,-0.1434,-0.5874
1132,,-0.2773,0.6105,-1.1651,,,-0.3732,-0.1512,-0.5951
1133,,-0.1746,0.7133,-1.0624,,,-0.3863,-0.1643,-0.6082
1134,,-0.4999,0.388,-1.3877,,,-0.4032,-0.1812,-0.6252
1135,,-0.4666,0.4011,-1.3343,,,-0.4213,-0.2108,-0.6317
1136,,-0.5167,0.351,-1.3844,,,-0.438,-0.2276,-0.6484
1137,,-0.6169,0.2508,-1.4846,,,-0.4516,-0.2411,-0.662
1138,,-0.4666,0.4011,-1.3343,,,-0.461,-0.2505,-0.6714
1139,,-0.3329,0.5347,-1.2006,,,-0.4665,-0.256,-0.6769
1140,,-0.5835,0.2842,-1.4512,,,-0.4684,-0.2579,-0.6788
1141,,-0.4833,0.3844,-1.351,,,-0.4663,-0.2558,-0.6767
1142,,-0.4332,0.4345,-1.3009,,,-0.4605,-0.25,-0.6709
1143,,-0.4165,0.4512,-1.2841,,,-0.4514,-0.2409,-0.6618
1144,,-0.4332,0.4345,-1.3009,,,-0.4393,-0.2288,-0.6497
1145,,-0.5,0.3677,-1.3677,,,-0.4241,-0.2136,-0.6345
1146,,-0.3496,0.518,-1.2173,,,-0.4058,-0.1954,-0.6162
1147,,-0.3496,0.518,-1.2173,,,-0.3849,-0.1744,-0.5953
1148,,-0.1993,0.6684,-1.067,,,-0.3613,-0.1509,-0.5718
1149,,-0.2828,0.5848,-1.1505,,,-0.3347,-0.1243,-0.5452
1150,,-0.4499,0.4178,-1.3176,,,-0.3033,-0.0929,-0.5138
1151,,-0.4332,0.4345,-1.3009,,,-0.2652,-0.0547,-0.4756
1152,,-0.5167,0.351,-1.3844,,,-0.2193,-8.81E-03,-0.4297
1153,,-0.1826,0.6851,-1.0503,,,-0.1665,0.0439,-0.377
1154,,-0.0824,0.7853,-0.9501,,,-0.1102,0.1003,-0.3206
1155,,0.1014,0.969,-0.7663,,,-0.0538,0.1566,-0.2642
1156,,0.1515,1.0191,-0.7162,,,-7.40E-04,0.2097,-0.2112
1157,,0.1515,1.0191,-0.7162,,,0.0471,0.2575,-0.1634
1158,,0.1348,1.0024,-0.7329,,,0.089,0.2994,-0.1215
1159,,0.1515,1.0191,-0.7162,,,0.1255,0.336,-0.0849
1160,,0.0679,0.9356,-0.7997,,,0.1575,0.368,-0.0529
1161,,-0.049,0.8187,-0.9167,,,0.1861,0.3965,-0.0244
1162,,0.3352,1.2029,-0.5325,,,0.2113,0.4217,8.16E-04
1163,,0.1682,1.0359,-0.6995,,,0.2317,0.4422,0.0213
1164,,0.2016,1.0693,-0.6661,,,0.2464,0.4568,0.0359
1165,,0.1849,1.0526,-0.6828,,,0.2539,0.4644,0.0435
1166,,0.2684,1.1361,-0.5993,,,0.2525,0.463,0.0421
1167,,0.3853,1.253,-0.4824,,,0.2399,0.4503,0.0294
1168,,0.8029,1.6706,-0.0648,,,0.2138,0.4242,3.35E-03
1169,,0.1682,1.0359,-0.6995,,,0.1741,0.3846,-0.0363
1170,,0.2016,1.0693,-0.6661,,,0.1248,0.3352,-0.0857
1171,,-0.1993,0.6684,-1.067,,,0.0706,0.2811,-0.1398
1172,,-0.0991,0.7686,-0.9668,,,0.0167,0.2271,-0.1938
1173,,-0.2494,0.6183,-1.1171,,,-0.034,0.1764,-0.2445
1174,,-0.1826,0.6851,-1.0503,,,-0.0797,0.1307,-0.2902
1175,,0.2684,1.1361,-0.5993,,,-0.1207,0.0898,-0.3311
1176,,-0.1826,0.6851,-1.0503,,,-0.1573,0.0531,-0.3678
1177,,-0.2327,0.635,-1.1004,,,-0.188,0.0225,-0.3984
1178,,-0.1659,0.7018,-1.0336,,,-0.2103,1.14E-04,-0.4208
1179,,-0.5334,0.3343,-1.4011,,,-0.2226,-0.0121,-0.433
1180,,-0.3664,0.5013,-1.234,,,-0.223,-0.0126,-0.4334
1181,,-0.3664,0.5013,-1.234,,,-0.2122,-1.78E-03,-0.4227
1182,,-0.5,0.3677,-1.3677,,,-0.1924,0.018,-0.4029
1183,,-0.049,0.8187,-0.9167,,,-0.1676,0.0428,-0.3781
1184,,0.1348,1.0024,-0.7329,,,-0.1438,0.0667,-0.3542
1185,,0.2183,1.086,-0.6494,,,-0.1262,0.0842,-0.3367
1186,,-0.1325,0.7352,-1.0002,,,-0.1177,0.0928,-0.3281
1187,,0.0512,0.9189,-0.8164,,,-0.1181,0.0923,-0.3286
1188,,-0.1158,0.7519,-0.9835,,,-0.127,0.0834,-0.3375
1189,,-0.1826,0.6851,-1.0503,,,-0.1426,0.0679,-0.353
1190,,-0.1158,0.7519,-0.9835,,,-0.1627,0.0477,-0.3732
1191,,-0.216,0.6517,-1.0837,,,-0.1856,0.0249,-0.396
1192,,-0.4332,0.4345,-1.3009,,,-0.2091,1.32E-03,-0.4196
1193,,-0.1492,0.7185,-1.0169,,,-0.2318,-0.0213,-0.4422
1194,,-0.2995,0.5681,-1.1672,,,-0.2533,-0.0429,-0.4637
1195,,-0.1492,0.7185,-1.0169,,,-0.2734,-0.063,-0.4839
1196,,-0.2494,0.6183,-1.1171,,,-0.2918,-0.0814,-0.5023
1197,,-0.5501,0.3176,-1.4178,,,-0.3073,-0.0969,-0.5178
1198,,-0.0991,0.7686,-0.9668,,,-0.3187,-0.1083,-0.5292
1199,,-0.3162,0.5514,-1.1839,,,-0.3259,-0.1155,-0.5364
1200,,-0.51,0.3379,-1.3579,,,-0.3279,-0.1234,-0.5323
1201,,-0.4442,0.4037,-1.2921,,,-0.3232,-0.1188,-0.5277
1202,,-0.2302,0.6178,-1.0781,,,-0.3122,-0.1077,-0.5166
1203,,-0.2631,0.5848,-1.111,,,-0.2958,-0.0913,-0.5002
1204,,-0.3948,0.4531,-1.2427,,,-0.2746,-0.0702,-0.4791
1205,,-0.3289,0.519,-1.1768,,,-0.2493,-0.0449,-0.4537
1206,,-0.3125,0.5354,-1.1604,,,-0.2212,-0.0167,-0.4256
1207,,-0.2302,0.6178,-1.0781,,,-0.1925,0.012,-0.3969
1208,,-0.1314,0.7165,-0.9793,,,-0.1662,0.0382,-0.3707
1209,,0.0333,0.8812,-0.8146,,,-0.1458,0.0587,-0.3502
1210,,0.0333,0.8812,-0.8146,,,-0.134,0.0704,-0.3385
1211,,0.2144,1.0623,-0.6336,,,-0.1324,0.0721,-0.3368
1212,,-0.1643,0.6836,-1.0122,,,-0.1403,0.0642,-0.3447
1213,,-0.0984,0.7495,-0.9464,,,-0.1547,0.0497,-0.3592
1214,,-0.3454,0.5025,-1.1933,,,-0.1722,0.0322,-0.3767
1215,,-0.5594,0.2885,-1.4073,,,-0.1892,0.0153,-0.3936
1216,,-0.2631,0.5848,-1.111,,,-0.2037,7.78E-04,-0.4081
1217,,-0.2466,0.6013,-1.0945,,,-0.2165,-0.0121,-0.421
1218,,-0.082,0.7659,-0.9299,,,-0.2297,-0.0252,-0.4341
1219,,-0.1972,0.6507,-1.0451,,,-0.245,-0.0405,-0.4494
1220,,-0.3783,0.4696,-1.2262,,,-0.2634,-0.059,-0.4679
1221,,-0.0161,0.8318,-0.864,,,-0.2856,-0.0811,-0.49
1222,,-0.3454,0.5025,-1.1933,,,-0.3123,-0.1078,-0.5167
1223,,-0.5265,0.3214,-1.3744,,,-0.3428,-0.1383,-0.5472
1224,,-0.1643,0.6836,-1.0122,,,-0.3765,-0.172,-0.5809
1225,,-0.6253,0.2226,-1.4732,,,-0.4136,-0.2092,-0.6181
1226,,-0.4771,0.3708,-1.325,,,-0.4538,-0.2493,-0.6582
1227,,-0.1808,0.6671,-1.0287,,,-0.4975,-0.293,-0.7019
1228,,-0.3783,0.4696,-1.2262,,,-0.5454,-0.3409,-0.7498
1229,,-0.3619,0.4861,-1.2098,,,-0.5957,-0.3913,-0.8002
1230,,-0.9381,-0.0902,-1.786,,,-0.6448,-0.4404,-0.8493
1231,,-0.7734,0.0745,-1.6213,,,-0.6877,-0.4832,-0.8921
1232,,-0.7076,0.1403,-1.5555,,,-0.7209,-0.5165,-0.9254
1233,,-0.8558,-7.85E-03,-1.7037,,,-0.7422,-0.5378,-0.9467
1234,,-1.0204,-0.1725,-1.8683,,,-0.7495,-0.5451,-0.9539
1235,,-0.9216,-0.0737,-1.7695,,,-0.7418,-0.5374,-0.9462
1236,,-0.6747,0.1732,-1.5226,,,-0.7204,-0.516,-0.9249
1237,,-0.4771,0.3708,-1.325,,,-0.6882,-0.4838,-0.8927
1238,,-0.757,0.0909,-1.6049,,,-0.6476,-0.4432,-0.8521
1239,,-0.6253,0.2226,-1.4732,,,-0.5999,-0.3955,-0.8044
1240,,-0.5759,0.272,-1.4238,,,-0.5467,-0.3422,-0.7511
1241,,-0.543,0.305,-1.3909,,,-0.4899,-0.2855,-0.6944
1242,,-0.2631,0.5848,-1.111,,,-0.432,-0.2276,-0.6365
1243,,-0.2466,0.6013,-1.0945,,,-0.3754,-0.1709,-0.5798
1244,,-0.5923,0.2556,-1.4402,,,-0.3212,-0.1168,-0.5257
1245,,-0.1808,0.6671,-1.0287,,,-0.2702,-0.0657,-0.4746
1246,,-0.2302,0.6178,-1.0781,,,-0.2241,-0.0196,-0.4285
1247,,-0.0326,0.8153,-0.8805,,,-0.1849,0.0196,-0.3893
1248,,-0.296,0.5519,-1.1439,,,-0.154,0.0504,-0.3585
1249,,-0.0161,0.8318,-0.864,,,-0.1323,0.0722,-0.3367
1250,,-0.0984,0.7495,-0.9464,,,-0.1208,0.0837,-0.3252
1251,,-0.0984,0.7495,-0.9464,,,-0.1203,0.0842,-0.3247
1252,,-0.0161,0.8318,-0.864,,,-0.131,0.0735,-0.3354
1253,,-0.0655,0.7824,-0.9134,,,-0.1529,0.0516,-0.3573
1254,,-0.3619,0.4861,-1.2098,,,-0.185,0.0195,-0.3894
1255,,0.1485,0.9964,-0.6994,,,-0.2257,-0.0213,-0.4302
1256,,-0.3289,0.519,-1.1768,,,-0.2741,-0.0697,-0.4785
1257,,0.1156,0.9635,-0.7323,,,-0.327,-0.1225,-0.5314
1258,,-0.724,0.1239,-1.572,,,-0.3803,-0.1759,-0.5847
1259,,-0.7076,0.1403,-1.5555,,,-0.4277,-0.2233,-0.6321
1260,,-0.7301,0.1162,-1.5764,,,-0.4648,-0.2596,-0.6701
1261,,-0.5478,0.2985,-1.3941,,,-0.4901,-0.2849,-0.6954
1262,,-0.4483,0.3979,-1.2946,,,-0.5044,-0.2991,-0.7096
1263,,-0.7467,0.0996,-1.593,,,-0.5089,-0.3037,-0.7142
1264,,-0.5146,0.3316,-1.3609,,,-0.5054,-0.3001,-0.7106
1265,,-0.3323,0.514,-1.1786,,,-0.4968,-0.2915,-0.702
1266,,-0.2329,0.6134,-1.0791,,,-0.4863,-0.281,-0.6915
1267,,-0.6141,0.2322,-1.4604,,,-0.4756,-0.2704,-0.6809
1268,,-0.5312,0.3151,-1.3775,,,-0.4649,-0.2597,-0.6702
1269,,-0.3986,0.4477,-1.2449,,,-0.4548,-0.2495,-0.66
1270,,-0.5146,0.3316,-1.3609,,,-0.4464,-0.2411,-0.6516
1271,,-0.2992,0.5471,-1.1454,,,-0.4408,-0.2356,-0.6461
1272,,-0.382,0.4642,-1.2283,,,-0.4393,-0.234,-0.6445
1273,,-0.4152,0.4311,-1.2615,,,-0.4421,-0.2368,-0.6473
1274,,-0.3986,0.4477,-1.2449,,,-0.4488,-0.2436,-0.6541
1275,,-0.5312,0.3151,-1.3775,,,-0.4588,-0.2536,-0.6641
1276,,-0.4152,0.4311,-1.2615,,,-0.4711,-0.2659,-0.6764
1277,,-0.5312,0.3151,-1.3775,,,-0.4851,-0.2798,-0.6903
1278,,-0.6804,0.1659,-1.5267,,,-0.4998,-0.2945,-0.705
1279,,-0.4815,0.3648,-1.3278,,,-0.515,-0.3097,-0.7202
1280,,-0.6804,0.1659,-1.5267,,,-0.5315,-0.3262,-0.7367
1281,,-0.3489,0.4974,-1.1952,,,-0.5505,-0.3452,-0.7558
1282,,-0.5644,0.2819,-1.4106,,,-0.5738,-0.3685,-0.779
1283,,-0.4815,0.3648,-1.3278,,,-0.6019,-0.3967,-0.8072
1284,,-0.4815,0.3648,-1.3278,,,-0.6351,-0.4298,-0.8403
1285,,-0.6804,0.1659,-1.5267,,,-0.6723,-0.467,-0.8775
1286,,-0.813,0.0333,-1.6593,,,-0.7113,-0.5061,-0.9166
1287,,-0.5146,0.3316,-1.3609,,,-0.7501,-0.5448,-0.9553
1288,,-0.9953,-0.149,-1.8416,,,-0.7866,-0.5813,-0.9918
1289,,-0.7467,0.0996,-1.593,,,-0.8179,-0.6127,-1.0232
1290,,-1.0616,-0.2153,-1.9079,,,-0.8421,-0.6369,-1.0474
1291,,-0.813,0.0333,-1.6593,,,-0.8573,-0.652,-1.0625
1292,,-0.9456,-0.0993,-1.7919,,,-0.8628,-0.6575,-1.068
1293,,-0.8461,1.40E-04,-1.6924,,,-0.8583,-0.653,-1.0636
1294,,-1.0616,-0.2153,-1.9079,,,-0.8439,-0.6386,-1.0491
1295,,-0.7135,0.1327,-1.5598,,,-0.82,-0.6147,-1.0253
1296,,-0.7964,0.0499,-1.6427,,,-0.7884,-0.5831,-0.9936
1297,,-0.7633,0.083,-1.6095,,,-0.7503,-0.5451,-0.9556
1298,,-0.7467,0.0996,-1.593,,,-0.7072,-0.5019,-0.9124
1299,,-0.6141,0.2322,-1.4604,,,-0.6604,-0.4551,-0.8656
1300,,-0.5478,0.2985,-1.3941,,,-0.6115,-0.4063,-0.8168
1301,,-0.3986,0.4477,-1.2449,,,-0.5619,-0.3567,-0.7672
1302,,-0.697,0.1493,-1.5432,,,-0.5121,-0.3069,-0.7174
1303,,-0.5312,0.3151,-1.3775,,,-0.4619,-0.2566,-0.6671
1304,,-0.4152,0.4311,-1.2615,,,-0.4118,-0.2065,-0.617
1305,,-0.4152,0.4311,-1.2615,,,-0.3634,-0.1582,-0.5687
1306,,-0.0837,0.7626,-0.93,,,-0.3185,-0.1133,-0.5238
1307,,-0.1997,0.6466,-1.046,,,-0.2787,-0.0734,-0.4839
1308,,-0.2163,0.63,-1.0626,,,-0.244,-0.0388,-0.4493
1309,,-0.2163,0.63,-1.0626,,,-0.2137,-8.46E-03,-0.419
1310,,-0.2826,0.5637,-1.1289,,,-0.1866,0.0187,-0.3919
1311,,-0.266,0.5803,-1.1123,,,-0.1617,0.0436,-0.3669
1312,,-0.1334,0.7129,-0.9797,,,-0.1387,0.0666,-0.344
1313,,-0.0837,0.7626,-0.93,,,-0.1183,0.087,-0.3236
1314,,-0.1997,0.6466,-1.046,,,-0.1011,0.1041,-0.3064
1315,,-0.034,0.8123,-0.8802,,,-0.0878,0.1174,-0.2931
1316,,-0.0505,0.7957,-0.8968,,,-0.0795,0.1258,-0.2847
1317,,-0.0505,0.7957,-0.8968,,,-0.077,0.1283,-0.2822
1318,,0.0821,0.9283,-0.7642,,,-0.0809,0.1244,-0.2861
1319,,-0.1831,0.6631,-1.0294,,,-0.0913,0.114,-0.2965
1320,,0.1152,0.9615,-0.7311,,,-0.1072,0.098,-0.3125
1321,,-0.1666,0.6797,-1.0128,,,-0.1279,0.0773,-0.3332
1322,,-0.2992,0.5471,-1.1454,,,-0.1512,0.0541,-0.3564
1323,,-0.382,0.4642,-1.2283,,,-0.175,0.0303,-0.3802
1324,,-0.1168,0.7294,-0.9631,,,-0.1987,6.53E-03,-0.404
1325,,-0.0505,0.7957,-0.8968,,,-0.2232,-0.018,-0.4285
1326,,-0.2494,0.5968,-1.0957,,,-0.2488,-0.0435,-0.4541
1327,,-0.034,0.8123,-0.8802,,,-0.2746,-0.0693,-0.4798
1328,,-0.5253,0.3138,-1.3643,,,-0.2989,-0.0942,-0.5036
1329,,-0.4264,0.4126,-1.2655,,,-0.3191,-0.1143,-0.5238
1330,,-0.6735,0.1655,-1.5126,,,-0.3335,-0.1288,-0.5382
1331,,-0.2288,0.6103,-1.0678,,,-0.3423,-0.1376,-0.547
1332,,-0.377,0.462,-1.2161,,,-0.3478,-0.1431,-0.5525
1333,,-0.4264,0.4126,-1.2655,,,-0.3521,-0.1474,-0.5568
1334,,-0.1134,0.7256,-0.9525,,,-0.3576,-0.1529,-0.5623
1335,,-0.5088,0.3302,-1.3478,,,-0.3665,-0.1618,-0.5712
1336,,-0.3111,0.5279,-1.1502,,,-0.3801,-0.1754,-0.5848
1337,,-0.0311,0.808,-0.8701,,,-0.4001,-0.1953,-0.6048
1338,,-0.4759,0.3632,-1.3149,,,-0.427,-0.2223,-0.6317
1339,,-0.3935,0.4455,-1.2325,,,-0.4594,-0.2547,-0.6641
1340,,-0.5088,0.3302,-1.3478,,,-0.4951,-0.2904,-0.6998
1341,,-0.4759,0.3632,-1.3149,,,-0.5318,-0.3271,-0.7365
1342,,-0.6638,0.1662,-1.4939,,,-0.5669,-0.3644,-0.7694
1343,,-0.6313,0.1988,-1.4613,,,-0.5979,-0.3954,-0.8004
1344,,-0.5661,0.264,-1.3961,,,-0.6227,-0.4202,-0.8252
1345,,-0.7127,0.1173,-1.5428,,,-0.6394,-0.4369,-0.8419
1346,,-0.8268,3.26E-03,-1.6569,,,-0.6461,-0.4436,-0.8486
1347,,-0.7127,0.1173,-1.5428,,,-0.6415,-0.439,-0.844
1348,,-0.8757,-0.0456,-1.7057,,,-0.6257,-0.4231,-0.8282
1349,,-0.5987,0.2314,-1.4287,,,-0.5999,-0.3974,-0.8024
1350,,-0.6638,0.1662,-1.4939,,,-0.5671,-0.3646,-0.7697
1351,,-0.2891,0.541,-1.1191,,,-0.531,-0.3285,-0.7335
1352,,-0.4357,0.3943,-1.2658,,,-0.4953,-0.2928,-0.6979
1353,,-0.4683,0.3618,-1.2984,,,-0.4624,-0.2599,-0.6649
1354,,-0.0446,0.7854,-0.8747,,,-0.4336,-0.2311,-0.6362
1355,,-0.3542,0.4758,-1.1843,,,-0.41,-0.2075,-0.6125
1356,,-0.5498,0.2803,-1.3798,,,-0.3896,-0.1871,-0.5921
1357,,-0.5498,0.2803,-1.3798,,,-0.37,-0.1675,-0.5725
1358,,-0.4031,0.4269,-1.2332,,,-0.35,-0.1475,-0.5525
1359,,-0.3542,0.4758,-1.1843,,,-0.3297,-0.1272,-0.5322
1360,,-0.3705,0.4595,-1.2006,,,-0.3101,-0.1076,-0.5126
1361,,-0.3053,0.5247,-1.1354,,,-0.2925,-0.0899,-0.495
1362,,-0.0446,0.7854,-0.8747,,,-0.2785,-0.076,-0.481
1363,,-0.4357,0.3943,-1.2658,,,-0.2698,-0.0672,-0.4723
1364,,-0.0446,0.7854,-0.8747,,,-0.2665,-0.064,-0.469
1365,,-0.1913,0.6388,-1.0213,,,-0.2695,-0.0669,-0.472
1366,,-0.2891,0.541,-1.1191,,,-0.2779,-0.0754,-0.4804
1367,,-0.3053,0.5247,-1.1354,,,-0.2903,-0.0878,-0.4928
1368,,-0.2239,0.6062,-1.0539,,,-0.3051,-0.1026,-0.5076
1369,,-0.3216,0.5084,-1.1517,,,-0.3209,-0.1183,-0.5234
1370,,-0.5987,0.2314,-1.4287,,,-0.3354,-0.1329,-0.5379
1371,,-0.2076,0.6225,-1.0376,,,-0.3471,-0.1446,-0.5496
1372,,-0.4683,0.3618,-1.2984,,,-0.3555,-0.153,-0.5581
1373,,-0.6645,0.1431,-1.472,,,-0.3603,-0.1666,-0.5539
1374,,-0.0343,0.7733,-0.8419,,,-0.3617,-0.1681,-0.5553
1375,,-0.4439,0.3637,-1.2515,,,-0.3618,-0.1682,-0.5554
1376,,-0.3494,0.4582,-1.157,,,-0.3613,-0.1677,-0.5549
1377,,-0.2706,0.537,-1.0782,,,-0.3607,-0.1671,-0.5543
1378,,-0.4124,0.3952,-1.22,,,-0.3603,-0.1667,-0.5539
1379,,-0.3809,0.4267,-1.1885,,,-0.3602,-0.1666,-0.5538
1380,,-0.4282,0.3794,-1.2357,,,-0.3605,-0.1669,-0.5541
1381,,-0.2864,0.5212,-1.094,,,-0.3617,-0.1681,-0.5553
1382,,-0.2391,0.5685,-1.0467,,,-0.3646,-0.1709,-0.5582
1383,,-0.3494,0.4582,-1.157,,,-0.3694,-0.1758,-0.563
1384,,-0.3967,0.4109,-1.2042,,,-0.3755,-0.1819,-0.5691
1385,,-0.3336,0.4739,-1.1412,,,-0.3818,-0.1882,-0.5754
1386,,-0.4597,0.3479,-1.2672,,,-0.3873,-0.1937,-0.5809
1387,,-0.3336,0.4739,-1.1412,,,-0.3909,-0.1973,-0.5845
1388,,-0.4124,0.3952,-1.22,,,-0.3918,-0.1982,-0.5854
1389,,-0.6172,0.1904,-1.4248,,,-0.3887,-0.1951,-0.5823
1390,,-0.3179,0.4897,-1.1255,,,-0.3812,-0.1876,-0.5748
1391,,-0.3651,0.4424,-1.1727,,,-0.3699,-0.1763,-0.5635
1392,,-0.3967,0.4109,-1.2042,,,-0.3555,-0.1619,-0.5491
1393,,-0.2706,0.537,-1.0782,,,-0.3387,-0.1451,-0.5323
1394,,-0.4124,0.3952,-1.22,,,-0.3203,-0.1267,-0.5139
1395,,-0.2706,0.537,-1.0782,,,-0.3009,-0.1072,-0.4945
1396,,-0.2667,0.5298,-1.0633,,,-0.2813,-0.0904,-0.4723
1397,,-0.189,0.6075,-0.9855,,,-0.2627,-0.0717,-0.4536
1398,,-0.189,0.6075,-0.9855,,,-0.2456,-0.0546,-0.4365
1399,,-0.3755,0.421,-1.1721,,,-0.2301,-0.0391,-0.421
1400,,-0.1268,0.6697,-0.9234,,,-0.2161,-0.0251,-0.407
1401,,-0.3133,0.4832,-1.1099,,,-0.2041,-0.0131,-0.395
1402,,-0.0647,0.7319,-0.8612,,,-0.1944,-3.46E-03,-0.3854
1403,,-0.1735,0.6231,-0.97,,,-0.1879,3.07E-03,-0.3788
1404,,-0.2667,0.5298,-1.0633,,,-0.1845,6.45E-03,-0.3755
1405,,-0.3444,0.4521,-1.141,,,-0.1841,6.82E-03,-0.3751
1406,,-2.50E-03,0.794,-0.799,,,-0.1874,3.53E-03,-0.3784
1407,,-0.2823,0.5143,-1.0788,,,-0.1959,-4.92E-03,-0.3868
1408,,0.0286,0.8251,-0.768,,,-0.2102,-0.0193,-0.4012
1409,,-0.0647,0.7319,-0.8612,,,-0.231,-0.0401,-0.422
1410,,-0.4688,0.3278,-1.2653,,,-0.2572,-0.0662,-0.4481
1411,,-0.0958,0.7008,-0.8923,,,-0.2865,-0.0956,-0.4775
1412,,-0.36,0.4366,-1.1565,,,-0.3176,-0.1266,-0.5085
1413,,-0.2667,0.5298,-1.0633,,,-0.3481,-0.1571,-0.539
1414,,-0.6242,0.1724,-1.4207,,,-0.3757,-0.1847,-0.5666
1415,,-0.2667,0.5298,-1.0633,,,-0.3978,-0.2069,-0.5888
1416,,-0.3444,0.4521,-1.141,,,-0.4134,-0.2224,-0.6043
1417,,-0.5776,0.219,-1.3741,,,-0.4206,-0.2296,-0.6115
1418,,-0.4066,0.3899,-1.2031,,,-0.4173,-0.2263,-0.6082
1419,,-0.6397,0.1568,-1.4363,,,-0.4021,-0.2112,-0.5931
1420,,-0.4066,0.3899,-1.2031,,,-0.3745,-0.1836,-0.5655
1421,,-0.2356,0.5609,-1.0322,,,-0.3353,-0.1443,-0.5262
1422,,-0.4998,0.2967,-1.2964,,,-0.2857,-0.0948,-0.4767
1423,,-0.5309,0.2656,-1.3275,,,-0.227,-0.036,-0.4179
1424,,-0.1268,0.6697,-0.9234,,,-0.1618,0.0292,-0.3527
1425,,0.1995,0.9961,-0.597,,,-0.0952,0.0957,-0.2862
1426,,-0.0958,0.7008,-0.8923,,,-0.0322,0.1588,-0.2231
1427,,0.2306,1.0272,-0.5659,,,0.0244,0.2154,-0.1665
1428,,0.1685,0.965,-0.6281,,,0.072,0.2629,-0.119
1429,,-0.1579,0.6386,-0.9545,,,0.1092,0.3002,-0.0817
1430,,0.2151,1.0116,-0.5815,,,0.1356,0.3265,-0.0554
1431,,0.4171,1.2137,-0.3794,,,0.1489,0.3399,-0.042
1432,,0.4482,1.2448,-0.3483,,,0.1476,0.3386,-0.0433
1433,,0.013,0.8096,-0.7835,,,0.1325,0.3234,-0.0585
1434,,0.2617,1.0582,-0.5348,,,0.1064,0.2973,-0.0846
1435,,-0.1268,0.6697,-0.9234,,,0.0723,0.2633,-0.1186
1436,,0.013,0.8096,-0.7835,,,0.0337,0.2246,-0.1573
1437,,0.0286,0.8251,-0.768,,,-7.26E-03,0.1837,-0.1982
1438,,-0.2045,0.592,-1.0011,,,-0.0485,0.1425,-0.2394
1439,,0.013,0.8096,-0.7835,,,-0.0881,0.1028,-0.2791
1440,,-0.3133,0.4832,-1.1099,,,-0.1251,0.0658,-0.3161
1441,,-0.4066,0.3899,-1.2031,,,-0.1583,0.0327,-0.3493
1442,,-0.3133,0.4832,-1.1099,,,-0.1879,3.08E-03,-0.3788
1443,,0.0907,0.8873,-0.7058,,,-0.2163,-0.0253,-0.4072
1444,,-0.4377,0.3589,-1.2342,,,-0.2466,-0.0557,-0.4376
1445,,-0.1579,0.6386,-0.9545,,,-0.2805,-0.0896,-0.4715
1446,,-0.2978,0.4987,-1.0943,,,-0.3202,-0.1292,-0.5111
1447,,-0.0958,0.7008,-0.8923,,,-0.3672,-0.1762,-0.5581
1448,,-0.36,0.4366,-1.1565,,,-0.4225,-0.2315,-0.6134
1449,,-0.4221,0.3744,-1.2187,,,-0.485,-0.2941,-0.676
1450,,-0.4998,0.2967,-1.2964,,,-0.5528,-0.3618,-0.7438
1451,,-0.5776,0.219,-1.3741,,,-0.6233,-0.4323,-0.8142
1452,,-0.3911,0.4055,-1.1876,,,-0.6934,-0.5024,-0.8843
1453,,-1.3546,-0.5581,-2.1512,,,-0.7591,-0.5681,-0.9501
1454,,-0.9039,-0.1074,-1.7005,,,-0.8154,-0.6245,-1.0064
1455,,-0.9661,-0.1696,-1.7626,,,-0.8609,-0.6699,-1.0518
1456,,-0.8262,-0.0297,-1.6228,,,-0.8956,-0.7047,-1.0866
1457,,-1.1526,-0.3561,-1.9491,,,-0.9206,-0.7296,-1.1115
1458,,-0.8573,-0.0608,-1.6538,,,-0.9368,-0.7458,-1.1278
1459,,-1.0904,-0.2939,-1.887,,,-0.9465,-0.7556,-1.1375
1460,,-0.6863,0.1102,-1.4829,,,-0.9522,-0.7612,-1.1431
1461,,-0.7951,1.40E-03,-1.5917,,,-0.9564,-0.7655,-1.1474
1462,,-0.8884,-0.0918,-1.6849,,,-0.9603,-0.7693,-1.1513
1463,,-1.0749,-0.2784,-1.8714,,,-0.9632,-0.7722,-1.1542
1464,,-0.7796,0.0169,-1.5761,,,-0.964,-0.773,-1.1549
1465,,-0.8728,-0.0763,-1.6694,,,-0.9617,-0.7707,-1.1527
1466,,-1.2459,-0.4493,-2.0424,,,-0.9544,-0.7635,-1.1454
1467,,-0.9661,-0.1696,-1.7626,,,-0.9398,-0.7488,-1.1307
1468,,-0.9661,-0.1696,-1.7626,,,-0.917,-0.7261,-1.108
1469,,-0.9816,-0.1851,-1.7782,,,-0.8864,-0.6954,-1.0773
1470,,-0.9816,-0.1851,-1.7782,,,-0.8484,-0.6575,-1.0394
1471,,-0.8107,-0.0141,-1.6072,,,-0.8047,-0.6137,-0.9956
1472,,-0.7951,1.40E-03,-1.5917,,,-0.7577,-0.5668,-0.9487
1473,,-0.5465,0.2501,-1.343,,,-0.7105,-0.5195,-0.9014
1474,,-0.6708,0.1257,-1.4673,,,-0.6658,-0.4748,-0.8567
1475,,-0.3444,0.4521,-1.141,,,-0.6255,-0.4346,-0.8165
1476,,-0.4377,0.3589,-1.2342,,,-0.5909,-0.3999,-0.7818
1477,,-0.8728,-0.0763,-1.6694,,,-0.561,-0.37,-0.7519
1478,,-0.4532,0.3433,-1.2498,,,-0.534,-0.343,-0.7249
1479,,-0.2823,0.5143,-1.0788,,,-0.5097,-0.3187,-0.7007
1480,,-0.7641,0.0325,-1.5606,,,-0.4876,-0.2966,-0.6786
1481,,-0.6708,0.1257,-1.4673,,,-0.4659,-0.275,-0.6569
1482,,-0.3133,0.4832,-1.1099,,,-0.4447,-0.2538,-0.6357
1483,,-0.5309,0.2656,-1.3275,,,-0.4256,-0.2346,-0.6165
1484,,-0.3289,0.4677,-1.1254,,,-0.4098,-0.2188,-0.6007
1485,,-0.189,0.6075,-0.9855,,,-0.3988,-0.2078,-0.5898
1486,,-0.3911,0.4055,-1.1876,,,-0.3936,-0.2027,-0.5846
1487,,-0.4377,0.3589,-1.2342,,,-0.3936,-0.2027,-0.5846
1488,,-0.4221,0.3744,-1.2187,,,-0.3979,-0.2069,-0.5888
1489,,-0.189,0.6075,-0.9855,,,-0.4059,-0.2149,-0.5968
1490,,-0.2045,0.592,-1.0011,,,-0.4169,-0.2259,-0.6078
1491,,-0.6242,0.1724,-1.4207,,,-0.4285,-0.2375,-0.6194
1492,,-0.6729,0.1095,-1.4554,,,-0.4368,-0.2471,-0.6266
1493,,-0.3676,0.4148,-1.1501,,,-0.4395,-0.2497,-0.6293
1494,,-0.3982,0.3843,-1.1806,,,-0.4357,-0.2459,-0.6254
1495,,-0.7493,0.0332,-1.5317,,,-0.4244,-0.2347,-0.6142
1496,,-0.5356,0.2469,-1.318,,,-0.405,-0.2153,-0.5948
1497,,-0.4898,0.2927,-1.2722,,,-0.379,-0.1892,-0.5688
1498,,-0.5203,0.2622,-1.3028,,,-0.3494,-0.1596,-0.5392
1499,,0.243,1.0254,-0.5395,,,-0.3205,-0.1307,-0.5102
1500,,-0.276,0.5064,-1.0585,,,-0.2969,-0.1071,-0.4867
1501,,-0.3066,0.4759,-1.089,,,-0.2799,-0.0901,-0.4697
1502,,-0.1234,0.6591,-0.9059,,,-0.2697,-0.08,-0.4595
1503,,-0.3829,0.3996,-1.1654,,,-0.2665,-0.0767,-0.4563
1504,,-0.0929,0.6896,-0.8753,,,-0.2697,-0.0799,-0.4594
1505,,-0.2913,0.4912,-1.0738,,,-0.2788,-0.089,-0.4686
1506,,-0.2608,0.5217,-1.0433,,,-0.2927,-0.1029,-0.4824
1507,,-0.3371,0.4454,-1.1196,,,-0.3097,-0.1199,-0.4995
1508,,-0.444,0.3385,-1.2264,,,-0.3282,-0.1384,-0.518
1509,,-0.5813,0.2011,-1.3638,,,-0.3468,-0.157,-0.5365
1510,,-0.0645,0.6852,-0.8142,,,-0.3652,-0.1875,-0.5429
1511,,-0.2703,0.4793,-1.02,,,-0.3846,-0.2069,-0.5623
1512,,-0.4027,0.347,-1.1524,,,-0.4042,-0.2265,-0.5819
1513,,-0.4321,0.3176,-1.1818,,,-0.4219,-0.2442,-0.5996
1514,,-0.5644,0.1853,-1.3141,,,-0.4357,-0.258,-0.6134
1515,,-0.5644,0.1853,-1.3141,,,-0.4437,-0.266,-0.6214
1516,,-0.7261,0.0236,-1.4758,,,-0.445,-0.2673,-0.6227
1517,,-0.2409,0.5088,-0.9906,,,-0.4403,-0.2626,-0.618
1518,,-0.4468,0.3029,-1.1965,,,-0.4319,-0.2542,-0.6096
1519,,-0.3145,0.4352,-1.0642,,,-0.4212,-0.2435,-0.5989
1520,,-0.4174,0.3323,-1.1671,,,-0.4094,-0.2317,-0.5871
1521,,-0.1225,0.6297,-0.8747,,,-0.3969,-0.2186,-0.5752
1522,,-0.4489,0.3033,-1.201,,,-0.3836,-0.2053,-0.5618
1523,,-0.5082,0.244,-1.2604,,,-0.3676,-0.1893,-0.5459
1524,,-0.5675,0.1846,-1.3197,,,-0.3474,-0.1692,-0.5257
1525,,-0.256,0.4962,-1.0082,,,-0.3228,-0.1445,-0.5011
1526,,-0.5527,0.1995,-1.3049,,,-0.2951,-0.1168,-0.4734
1527,,-0.1373,0.6148,-0.8895,,,-0.266,-0.0877,-0.4442
1528,,-0.2857,0.4665,-1.0378,,,-0.2385,-0.0602,-0.4167
1529,,0.0703,0.8225,-0.6818,,,-0.2152,-0.037,-0.3935
1530,,-0.0483,0.7038,-0.8005,,,-0.1987,-0.0204,-0.3769
1531,,-0.167,0.5852,-0.9192,,,-0.189,-0.0108,-0.3673
1532,,-0.3005,0.4517,-1.0527,,,-0.1852,-6.91E-03,-0.3635
1533,,-0.1225,0.6297,-0.8747,,,-0.1858,-7.47E-03,-0.364
1534,,-0.256,0.4962,-1.0082,,,-0.19,-0.0117,-0.3683
1535,,-0.2708,0.4813,-1.023,,,-0.197,-0.0187,-0.3753
1536,,-3.83E-03,0.7483,-0.756,,,-0.2064,-0.0281,-0.3846
1537,,-0.256,0.4962,-1.0082,,,-0.2179,-0.0396,-0.3962
1538,,-0.5082,0.244,-1.2604,,,-0.2304,-0.0521,-0.4086
1539,,-0.1373,0.6148,-0.8895,,,-0.2428,-0.0645,-0.4211
1540,,0.011,0.7632,-0.7412,,,-0.2559,-0.0776,-0.4342
1541,,-0.1818,0.5703,-0.934,,,-0.2699,-0.0916,-0.4481
1542,,-0.7604,-8.21E-03,-1.5125,,,-0.2827,-0.1044,-0.4609
1543,,-0.1818,0.5703,-0.934,,,-0.2922,-0.1139,-0.4704
1544,,-0.3895,0.3626,-1.1417,,,-0.2989,-0.1206,-0.4772
1545,,-0.1522,0.6,-0.9043,,,-0.3037,-0.1255,-0.482
1546,,-0.3747,0.3775,-1.1268,,,-0.3076,-0.1293,-0.4859
1547,,-0.167,0.5852,-0.9192,,,-0.3107,-0.1325,-0.489
1548,,-0.3153,0.4368,-1.0675,,,-0.3134,-0.1351,-0.4916
1549,,-0.5527,0.1995,-1.3049,,,-0.3148,-0.1366,-0.4931
1550,,-0.2857,0.4665,-1.0378,,,-0.3147,-0.1364,-0.493
1551,,-0.0161,0.7347,-0.7669,,,-0.314,-0.134,-0.494
1552,,-0.1806,0.5702,-0.9314,,,-0.3135,-0.1335,-0.4935
1553,,-0.4797,0.2711,-1.2305,,,-0.3118,-0.1318,-0.4918
1554,,-0.5096,0.2412,-1.2604,,,-0.3063,-0.1263,-0.4863
1555,,-0.3451,0.4057,-1.0959,,,-0.2958,-0.1158,-0.4758
1556,,-0.5096,0.2412,-1.2604,,,-0.2806,-0.1006,-0.4606
1557,,-0.375,0.3758,-1.1258,,,-0.2621,-0.0821,-0.4421
1558,,-0.061,0.6899,-0.8118,,,-0.2435,-0.0635,-0.4235
1559,,-0.2404,0.5104,-0.9912,,,-0.2287,-0.0487,-0.4087
1560,,-0.031,0.7198,-0.7819,,,-0.2208,-0.0408,-0.4008
1561,,0.0886,0.8394,-0.6622,,,-0.2221,-0.0421,-0.4021
1562,,-0.1208,0.63,-0.8716,,,-0.2333,-0.0533,-0.4133
1563,,-0.5395,0.2113,-1.2903,,,-0.2528,-0.0728,-0.4328
1564,,-0.1507,0.6001,-0.9015,,,-0.2779,-0.0979,-0.4579
1565,,-0.1507,0.6001,-0.9015,,,-0.3076,-0.1276,-0.4876
1566,,-0.3301,0.4207,-1.081,,,-0.3401,-0.1601,-0.5201
1567,,-0.4348,0.316,-1.1856,,,-0.3726,-0.1926,-0.5525
1568,,-0.5395,0.2113,-1.2903,,,-0.4018,-0.2218,-0.5818
1569,,-0.7339,0.0169,-1.4847,,,-0.4252,-0.2452,-0.6052
1570,,-0.2255,0.5254,-0.9763,,,-0.4418,-0.2618,-0.6218
1571,,-0.5844,0.1665,-1.3352,,,-0.4524,-0.2724,-0.6324
1572,,-0.6591,0.0917,-1.41,,,-0.4571,-0.2771,-0.6371
1573,,-0.5993,0.1515,-1.3501,,,-0.4569,-0.2769,-0.6369
1574,,-0.2255,0.5254,-0.9763,,,-0.4545,-0.2745,-0.6345
1575,,-0.0161,0.7347,-0.7669,,,-0.4535,-0.2735,-0.6335
1576,,-0.4797,0.2711,-1.2305,,,-0.4556,-0.2756,-0.6356
1577,,-0.5096,0.2412,-1.2604,,,-0.4591,-0.2791,-0.6391
1578,,-0.6442,0.1066,-1.395,,,-0.4622,-0.2822,-0.6422
1579,,-0.5395,0.2113,-1.2903,,,-0.4633,-0.2833,-0.6433
1580,,-0.5993,0.1515,-1.3501,,,-0.4626,-0.2826,-0.6426
1581,,-0.5245,0.2263,-1.2754,,,-0.4611,-0.2811,-0.6411
1582,,-0.4498,0.301,-1.2006,,,-0.461,-0.281,-0.641
1583,,-0.1806,0.5702,-0.9314,,,-0.4649,-0.2849,-0.6449
1584,,-0.2255,0.5254,-0.9763,,,-0.4754,-0.2954,-0.6554
1585,,-0.689,0.0618,-1.4399,,,-0.4924,-0.3124,-0.6724
1586,,-0.1806,0.5702,-0.9314,,,-0.5143,-0.3343,-0.6943
1587,,-0.7489,1.96E-03,-1.4997,,,-0.5397,-0.3597,-0.7197
1588,,-0.5096,0.2412,-1.2604,,,-0.5657,-0.3857,-0.7457
1589,,-0.7937,-0.0429,-1.5445,,,-0.5902,-0.4102,-0.7702
1590,,-0.7489,1.96E-03,-1.4997,,,-0.6114,-0.4314,-0.7914
1591,,-0.5545,0.1964,-1.3053,,,-0.6289,-0.4489,-0.8089
1592,,-0.6143,0.1365,-1.3651,,,-0.6434,-0.4634,-0.8234
1593,,-1.0328,-0.2793,-1.7863,,,-0.6553,-0.4736,-0.837
1594,,-0.4141,0.3394,-1.1676,,,-0.6654,-0.4838,-0.8471
1595,,-0.6405,0.113,-1.394,,,-0.6764,-0.4947,-0.8581
1596,,-0.6556,0.098,-1.4091,,,-0.6899,-0.5082,-0.8716
1597,,-0.7612,-7.68E-03,-1.5147,,,-0.7069,-0.5252,-0.8886
1598,,-0.3839,0.3696,-1.1374,,,-0.728,-0.5464,-0.9097
1599,,-0.2934,0.4601,-1.0469,,,-0.7539,-0.5722,-0.9356
1600,,-0.6834,0.0572,-1.424,,,-0.782,-0.6044,-0.9595
1601,,-1.4766,-0.736,-2.2172,,,-0.8063,-0.6287,-0.9838
1602,,-0.8303,-0.0897,-1.5709,,,-0.8202,-0.6427,-0.9978
1603,,-0.8156,-0.075,-1.5562,,,-0.8217,-0.6442,-0.9993
1604,,-0.9037,-0.1631,-1.6444,,,-0.8097,-0.6321,-0.9872
1605,,-1.0066,-0.2659,-1.7472,,,-0.7831,-0.6056,-0.9607
1606,,-1.0213,-0.2806,-1.7619,,,-0.7421,-0.5645,-0.9196
1607,,-0.4925,0.2481,-1.2331,,,-0.6887,-0.5111,-0.8662
1608,,-0.6981,0.0425,-1.4387,,,-0.6268,-0.4493,-0.8044
1609,,-0.7569,-0.0162,-1.4975,,,-0.5598,-0.3822,-0.7373
1610,,-0.2281,0.5125,-0.9687,,,-0.4912,-0.3136,-0.6687
1611,,-0.5072,0.2335,-1.2478,,,-0.4258,-0.2482,-0.6033
1612,,-0.1253,0.6154,-0.8659,,,-0.3669,-0.1893,-0.5444
1613,,-0.2721,0.4685,-1.0128,,,-0.3177,-0.1402,-0.4952
1614,,-0.3309,0.4097,-1.0715,,,-0.2798,-0.1022,-0.4573
1615,,-0.3162,0.4244,-1.0568,,,-0.2542,-0.0766,-0.4317
1616,,0.2713,1.0119,-0.4693,,,-0.2422,-0.0646,-0.4197
1617,,-0.1546,0.586,-0.8953,,,-0.2448,-0.0673,-0.4224
1618,,-0.1253,0.6154,-0.8659,,,-0.2598,-0.0822,-0.4373
1619,,-0.5218,0.2188,-1.2625,,,-0.2829,-0.1054,-0.4605
1620,,-0.5218,0.2188,-1.2625,,,-0.3098,-0.1322,-0.4873
1621,,-0.2281,0.5125,-0.9687,,,-0.3373,-0.1597,-0.5148
1622,,-0.1987,0.5419,-0.9393,,,-0.3641,-0.1865,-0.5416
1623,,-0.7275,0.0131,-1.4681,,,-0.3881,-0.2106,-0.5657
1624,,-0.6687,0.0719,-1.4093,,,-0.4068,-0.2293,-0.5843
1625,,-0.3897,0.351,-1.1303,,,-0.4197,-0.2422,-0.5973
1626,,-0.0812,0.6594,-0.8218,,,-0.4287,-0.2512,-0.6063
1627,,-0.5365,0.2041,-1.2772,,,-0.4354,-0.2578,-0.6129
1628,,-0.4631,0.2775,-1.2037,,,-0.4391,-0.2615,-0.6166
1629,,-0.4043,0.3363,-1.145,,,-0.4393,-0.2617,-0.6168
1630,,-0.5659,0.1747,-1.3065,,,-0.4358,-0.2582,-0.6133
1631,,-0.654,0.0866,-1.3947,,,-0.4285,-0.2509,-0.606
1632,,-0.4337,0.3069,-1.1743,,,-0.4182,-0.2406,-0.5957
1633,,-0.4925,0.2481,-1.2331,,,-0.4077,-0.2301,-0.5852
1634,,-0.5659,0.1747,-1.3065,,,-0.4002,-0.2227,-0.5778
1635,,-0.1987,0.5419,-0.9393,,,-0.3999,-0.2223,-0.5774
1636,,-0.0371,0.7035,-0.7777,,,-0.4116,-0.2341,-0.5892
1637,,-0.1253,0.6154,-0.8659,,,-0.4389,-0.2613,-0.6164
1638,,-0.3464,0.3932,-1.0859,,,-0.4817,-0.3054,-0.658
1639,,-0.2131,0.5265,-0.9527,,,-0.5373,-0.361,-0.7136
1640,,-0.0377,0.699,-0.7744,,,-0.6009,-0.4253,-0.7765
1641,,-1.2821,-0.5454,-2.0187,,,-0.6648,-0.4892,-0.8404
1642,,-1.1578,-0.4181,-1.8976,,,-0.7176,-0.5371,-0.8981
1643,,-1.3065,-0.5668,-2.0462,,,-0.7522,-0.5717,-0.9326
1644,,-0.8753,-0.1356,-1.615,,,-0.7659,-0.5854,-0.9464
1645,,-0.682,0.0577,-1.4218,,,-0.7608,-0.5803,-0.9412
1646,,-0.9496,-0.2099,-1.6894,,,-0.7401,-0.5597,-0.9206
1647,,-0.6523,0.0875,-1.392,,,-0.7075,-0.527,-0.888
1648,,-0.34,0.3997,-1.0798,,,-0.6674,-0.4869,-0.8478
1649,,-0.6969,0.0429,-1.4366,,,-0.6238,-0.4433,-0.8042
1650,,-0.3252,0.4174,-1.0677,,,-0.5787,-0.3975,-0.7598
1651,,-0.5928,0.1498,-1.3354,,,-0.5335,-0.3523,-0.7147
1652,,-0.5482,0.1944,-1.2907,,,-0.4883,-0.3071,-0.6694
1653,,-0.6077,0.1349,-1.3502,,,-0.4431,-0.2619,-0.6243
1654,,-0.5482,0.1944,-1.2907,,,-0.3988,-0.2177,-0.58
1655,,-0.2954,0.4471,-1.038,,,-0.3577,-0.1766,-0.5389
1656,,-0.1021,0.6404,-0.8447,,,-0.3232,-0.142,-0.5043
1657,,-0.2211,0.5215,-0.9636,,,-0.298,-0.1169,-0.4792
1658,,-0.4292,0.3133,-1.1718,,,-0.2835,-0.1023,-0.4647
1659,,-0.0724,0.6702,-0.8149,,,-0.2802,-0.099,-0.4614
1660,,-0.0278,0.7148,-0.7703,,,-0.2892,-0.108,-0.4703
1661,,-0.2954,0.4471,-1.038,,,-0.3099,-0.1287,-0.4911
1662,,-0.2805,0.462,-1.0231,,,-0.3399,-0.1587,-0.5211
1663,,-0.5779,0.1646,-1.3205,,,-0.376,-0.1949,-0.5572
1664,,-0.3549,0.3877,-1.0975,,,-0.415,-0.2339,-0.5962
1665,,-0.5482,0.1944,-1.2907,,,-0.4548,-0.2736,-0.636
1666,,-0.4144,0.3282,-1.1569,,,-0.4933,-0.3122,-0.6745
1667,,-0.7861,-0.0435,-1.5286,,,-0.529,-0.3478,-0.7101
1668,,-0.6077,0.1349,-1.3502,,,-0.5601,-0.3789,-0.7413
1669,,-0.4144,0.3282,-1.1569,,,-0.5868,-0.4057,-0.768
1670,,-0.7861,-0.0435,-1.5286,,,-0.6095,-0.4284,-0.7907
1671,,-0.6523,0.0903,-1.3948,,,-0.628,-0.4469,-0.8092
1672,,-0.4887,0.2538,-1.2313,,,-0.6429,-0.4617,-0.824
1673,,-0.4738,0.2687,-1.2164,,,-0.6549,-0.4737,-0.8361
1674,,-0.7564,-0.0166,-1.4961,,,-0.6637,-0.4832,-0.8441
1675,,-0.5928,0.147,-1.3325,,,-0.6675,-0.487,-0.8479
1676,,-0.7415,-1.74E-03,-1.4812,,,-0.6648,-0.4843,-0.8453
1677,,-1.0091,-0.2694,-1.7489,,,-0.6539,-0.4734,-0.8343
1678,,-0.5779,0.1618,-1.3177,,,-0.6339,-0.4535,-0.8144
1679,,-0.7564,-0.0166,-1.4961,,,-0.6066,-0.4261,-0.787
1680,,-0.5333,0.2064,-1.2731,,,-0.5737,-0.3932,-0.7542
1681,,-0.3846,0.3551,-1.1244,,,-0.5382,-0.3577,-0.7187
1682,,-0.5036,0.2362,-1.2433,,,-0.5026,-0.3222,-0.6831
1683,,-0.5036,0.2362,-1.2433,,,-0.4685,-0.288,-0.6489
1684,,-0.3003,0.4445,-1.0452,,,-0.437,-0.2553,-0.6187
1685,,-0.5744,0.1705,-1.3193,,,-0.4096,-0.2279,-0.5913
1686,,-0.4374,0.3075,-1.1822,,,-0.387,-0.2053,-0.5687
1687,,-0.3765,0.3684,-1.1213,,,-0.3709,-0.1891,-0.5526
1688,,-0.483,0.2618,-1.2279,,,-0.3635,-0.1818,-0.5452
1689,,-0.119,0.6252,-0.8632,,,-0.3675,-0.1848,-0.5501
1690,,-0.3478,0.3964,-1.0919,,,-0.3858,-0.2031,-0.5684
1691,,-0.0885,0.6556,-0.8327,,,-0.4199,-0.2372,-0.6025
1692,,-0.4392,0.3049,-1.1834,,,-0.4701,-0.2875,-0.6528
1693,,-0.1343,0.6099,-0.8784,,,-0.5345,-0.3519,-0.7172
1694,,-0.4392,0.3049,-1.1834,,,-0.6097,-0.4271,-0.7924
1695,,-0.9272,-0.1831,-1.6714,,,-0.6895,-0.5068,-0.8721
1696,,-0.6222,0.1219,-1.3664,,,-0.7661,-0.5835,-0.9488
1697,,-0.912,-0.1678,-1.6561,,,-0.833,-0.6504,-1.0157
1698,,-1.3695,-0.6253,-2.1136,,,-0.8832,-0.7005,-1.0658
1699,,-1.4457,-0.7015,-2.1899,,,-0.9106,-0.728,-1.0932
1700,,-1.1407,-0.3966,-1.8849,,,-0.9135,-0.7308,-1.0961
1701,,-1.0797,-0.3356,-1.8239,,,-0.8946,-0.712,-1.0773
1702,,-0.8967,-0.1526,-1.6409,,,-0.8595,-0.6768,-1.0421
1703,,-0.5307,0.2134,-1.2749,,,-0.8152,-0.6325,-0.9978
1704,,-0.5002,0.2439,-1.2444,,,-0.7689,-0.5863,-0.9515
1705,,-0.8205,-0.0763,-1.5646,,,-0.7256,-0.5429,-0.9082
1706,,-0.5612,0.1829,-1.3054,,,-0.6882,-0.5055,-0.8708
1707,,-0.2563,0.4879,-1.0004,,,-0.6595,-0.4768,-0.8421
1708,,-0.5002,0.2439,-1.2444,,,-0.6411,-0.4585,-0.8237
1709,,-0.7747,-0.0306,-1.5189,,,-0.6315,-0.4489,-0.8142
1710,,-0.63,0.1169,-1.3769,,,-0.6279,-0.4423,-0.8135
1711,,-0.6926,0.0544,-1.4395,,,-0.6281,-0.4425,-0.8137
1712,,-0.5988,0.1482,-1.3457,,,-0.6303,-0.4447,-0.8159
1713,,-0.4424,0.3045,-1.1894,,,-0.6331,-0.4475,-0.8187
1714,,-0.8645,-0.1176,-1.6114,,,-0.6347,-0.4492,-0.8203
1715,,-0.4424,0.3045,-1.1894,,,-0.6324,-0.4468,-0.818
1716,,-0.8645,-0.1176,-1.6114,,,-0.6243,-0.4387,-0.8098
1717,,-0.8645,-0.1176,-1.6114,,,-0.608,-0.4224,-0.7936
1718,,-0.7551,-8.16E-03,-1.502,,,-0.5829,-0.3973,-0.7685
1719,,-0.63,0.1169,-1.3769,,,-0.5507,-0.3651,-0.7363
1720,,-0.2392,0.5077,-0.9861,,,-0.5147,-0.3291,-0.7003
1721,,-0.5519,0.1951,-1.2988,,,-0.4786,-0.293,-0.6642
1722,,-0.2236,0.5234,-0.9705,,,-0.4445,-0.2589,-0.6301
1723,,-0.505,0.242,-1.2519,,,-0.4143,-0.2287,-0.5999
1724,,-0.4268,0.3201,-1.1737,,,-0.3886,-0.203,-0.5741
1725,,-0.2079,0.539,-0.9549,,,-0.3683,-0.1827,-0.5539
1726,,-0.3643,0.3827,-1.1112,,,-0.3545,-0.169,-0.5401
1727,,-0.2548,0.4921,-1.0018,,,-0.3474,-0.1619,-0.533
1728,,-0.3643,0.3827,-1.1112,,,-0.3467,-0.1612,-0.5323
1729,,-0.1141,0.6328,-0.8611,,,-0.3517,-0.1661,-0.5372
1730,,-0.5206,0.2263,-1.2675,,,-0.361,-0.1754,-0.5466
1731,,-0.5831,0.1638,-1.33,,,-0.3723,-0.1867,-0.5578
1732,,-0.4581,0.2889,-1.205,,,-0.384,-0.1984,-0.5696
1733,,-0.3955,0.3514,-1.1425,,,-0.3965,-0.2109,-0.5821
1734,,-0.2079,0.539,-0.9549,,,-0.4108,-0.2252,-0.5964
1735,,-0.505,0.242,-1.2519,,,-0.4278,-0.2423,-0.6134
1736,,-0.3643,0.3827,-1.1112,,,-0.4473,-0.2617,-0.6329
1737,,-0.4112,0.3358,-1.1581,,,-0.4689,-0.2833,-0.6545
1738,,-0.6926,0.0544,-1.4395,,,-0.4918,-0.3063,-0.6774
1739,,-0.2548,0.4921,-1.0018,,,-0.5152,-0.3296,-0.7007
1740,,-0.5675,0.1794,-1.3144,,,-0.5387,-0.3532,-0.7243
1741,,-0.6613,0.0856,-1.4082,,,-0.561,-0.3754,-0.7466
1742,,-0.63,0.1169,-1.3769,,,-0.5805,-0.3949,-0.766
1743,,-0.5206,0.2263,-1.2675,,,-0.5963,-0.4107,-0.7819
1744,,-0.6769,0.07,-1.4238,,,-0.608,-0.4225,-0.7936
1745,,-0.5675,0.1794,-1.3144,,,-0.615,-0.4294,-0.8006
1746,,-0.7863,-0.0394,-1.5333,,,-0.6167,-0.4311,-0.8022
1747,,-0.6926,0.0544,-1.4395,,,-0.6126,-0.4271,-0.7982
1748,,-0.4424,0.3045,-1.1894,,,-0.6037,-0.4181,-0.7893
1749,,-0.6613,0.0856,-1.4082,,,-0.5911,-0.4055,-0.7767
1750,,-0.5988,0.1482,-1.3457,,,-0.5753,-0.3897,-0.7609
1751,,-0.5831,0.1638,-1.33,,,-0.5571,-0.3715,-0.7426
1752,,-0.4268,0.3201,-1.1737,,,-0.5374,-0.3518,-0.7229
1753,,-0.5831,0.1638,-1.33,,,-0.5172,-0.3317,-0.7028
1754,,-0.3017,0.4452,-1.0487,,,-0.4972,-0.3116,-0.6827
1755,,-0.6457,0.1013,-1.3926,,,-0.4776,-0.292,-0.6631
1756,,-0.4112,0.3358,-1.1581,,,-0.458,-0.2724,-0.6435
1757,,-0.4893,0.2576,-1.2362,,,-0.4386,-0.253,-0.6241
1758,,-0.4424,0.3045,-1.1894,,,-0.4196,-0.234,-0.6052
1759,,-0.505,0.242,-1.2519,,,-0.4017,-0.2161,-0.5873
1760,,-0.3017,0.4452,-1.0487,,,-0.3858,-0.2002,-0.5713
1761,,-0.333,0.4139,-1.0799,,,-0.3734,-0.1878,-0.5589
1762,,-0.2861,0.4608,-1.033,,,-0.3655,-0.1799,-0.5511
1763,,-0.0672,0.6797,-0.8142,,,-0.3628,-0.1772,-0.5484
1764,,-0.4893,0.2576,-1.2362,,,-0.3648,-0.1792,-0.5503
1765,,-0.5362,0.2107,-1.2831,,,-0.369,-0.1834,-0.5546
1766,,-0.2392,0.5077,-0.9861,,,-0.3737,-0.1881,-0.5593
1767,,-0.4268,0.3201,-1.1737,,,-0.3783,-0.1927,-0.5639
1768,,-0.5206,0.2263,-1.2675,,,-0.3815,-0.1959,-0.567
1769,,-0.3486,0.3983,-1.0956,,,-0.3824,-0.1968,-0.5679
1770,,-0.4893,0.2576,-1.2362,,,-0.381,-0.1955,-0.5666
1771,,-0.3486,0.3983,-1.0956,,,-0.3777,-0.1921,-0.5633
1772,,-0.6457,0.1013,-1.3926,,,-0.3731,-0.1876,-0.5587
1773,,-0.1767,0.5702,-0.9236,,,-0.3687,-0.1831,-0.5542
1774,,-0.3174,0.4296,-1.0643,,,-0.3669,-0.1814,-0.5525
1775,,-0.3017,0.4452,-1.0487,,,-0.3697,-0.1842,-0.5553
1776,,-0.4424,0.3045,-1.1894,,,-0.3781,-0.1925,-0.5637
1777,,-0.1767,0.5702,-0.9236,,,-0.3927,-0.2071,-0.5782
1778,,-0.3955,0.3514,-1.1425,,,-0.414,-0.2284,-0.5996
1779,,-0.3174,0.4296,-1.0643,,,-0.4414,-0.2558,-0.6269
1780,,-0.5362,0.2107,-1.2831,,,-0.4734,-0.2878,-0.6589
1781,,-0.2392,0.5077,-0.9861,,,-0.5078,-0.3223,-0.6934
1782,,-0.3799,0.367,-1.1268,,,-0.5424,-0.3568,-0.728
1783,,-1.1615,-0.4146,-1.9085,,,-0.5727,-0.3872,-0.7583
1784,,-0.7238,0.0231,-1.4707,,,-0.5941,-0.4085,-0.7796
1785,,-0.5519,0.1951,-1.2988,,,-0.6053,-0.4197,-0.7909
1786,,-0.6144,0.1325,-1.3613,,,-0.6072,-0.4216,-0.7927
1787,,-0.5831,0.1638,-1.33,,,-0.6001,-0.4146,-0.7857
1788,,-0.6926,0.0544,-1.4395,,,-0.5848,-0.3992,-0.7703
1789,,-0.5988,0.1482,-1.3457,,,-0.5615,-0.3759,-0.7471
1790,,-0.5988,0.1482,-1.3457,,,-0.5317,-0.3461,-0.7173
1791,,-0.505,0.242,-1.2519,,,-0.4971,-0.3115,-0.6827
1792,,-0.3799,0.367,-1.1268,,,-0.4601,-0.2745,-0.6457
1793,,-0.3799,0.367,-1.1268,,,-0.423,-0.2375,-0.6086
1794,,-0.3486,0.3983,-1.0956,,,-0.3877,-0.2021,-0.5732
1795,,-0.3955,0.3514,-1.1425,,,-0.3553,-0.1697,-0.5408
1796,,-0.1454,0.6015,-0.8923,,,-0.3269,-0.1414,-0.5125
1797,,-0.3017,0.4452,-1.0487,,,-0.3036,-0.118,-0.4892
1798,,-0.0516,0.6953,-0.7985,,,-0.2851,-0.0995,-0.4707
1799,,-0.3486,0.3983,-1.0956,,,-0.2706,-0.085,-0.4562
1800,,-0.63,0.1169,-1.3769,,,-0.2579,-0.0723,-0.4434
1801,,-0.3799,0.367,-1.1268,,,-0.2454,-0.0598,-0.4309
1802,,-0.2861,0.4608,-1.033,,,-0.2344,-0.0488,-0.42
1803,,-0.333,0.4139,-1.0799,,,-0.2277,-0.0422,-0.4133
1804,,-0.0203,0.7266,-0.7673,,,-0.229,-0.0434,-0.4146
1805,,-0.1141,0.6328,-0.8611,,,-0.2421,-0.0565,-0.4277
1806,,-0.1298,0.6171,-0.8767,,,-0.2697,-0.0841,-0.4552
1807,,-0.2236,0.5234,-0.9705,,,-0.3128,-0.1273,-0.4984
1808,,-0.0203,0.7266,-0.7673,,,-0.3716,-0.186,-0.5572
1809,,-0.4581,0.2889,-1.205,,,-0.4444,-0.2588,-0.63
1810,,-0.4737,0.2732,-1.2206,,,-0.5275,-0.3419,-0.7131
1811,,-0.3955,0.3514,-1.1425,,,-0.6164,-0.4309,-0.802
1812,,-0.8801,-0.1332,-1.6271,,,-0.7061,-0.5205,-0.8916
1813,,-0.9583,-0.2114,-1.7052,,,-0.7901,-0.6045,-0.9756
1814,,-0.8958,-0.1489,-1.6427,,,-0.8632,-0.6776,-1.0487
1815,,-0.8645,-0.1176,-1.6114,,,-0.9214,-0.7359,-1.107
1816,,-1.3804,-0.6335,-2.1273,,,-0.9614,-0.7759,-1.147
1817,,-1.271,-0.524,-2.0179,,,-0.9801,-0.7945,-1.1656
1818,,-1.0521,-0.3052,-1.799,,,-0.9773,-0.7917,-1.1629
1819,,-1.1928,-0.4459,-1.9397,,,-0.9558,-0.7702,-1.1413
1820,,-0.8332,-0.0863,-1.5802,,,-0.9196,-0.734,-1.1051
1821,,-0.9739,-0.227,-1.7209,,,-0.8742,-0.6886,-1.0597
1822,,-0.5362,0.2107,-1.2831,,,-0.8252,-0.6396,-1.0107
1823,,-0.6144,0.1325,-1.3613,,,-0.7781,-0.5925,-0.9636
1824,,-0.7395,7.47E-03,-1.4864,,,-0.7365,-0.5509,-0.922
1825,,-0.802,-0.0551,-1.5489,,,-0.7024,-0.5169,-0.888
1826,,-0.4737,0.2732,-1.2206,,,-0.6779,-0.4923,-0.8635
1827,,-0.9114,-0.1645,-1.6583,,,-0.6652,-0.4796,-0.8508
1828,,-0.2236,0.5234,-0.9705,,,-0.6658,-0.4803,-0.8514
1829,,-0.505,0.242,-1.2519,,,-0.6818,-0.4963,-0.8674
1830,,-0.3955,0.3514,-1.1425,,,-0.7126,-0.527,-0.8981
1831,,-0.6144,0.1325,-1.3613,,,-0.7549,-0.5693,-0.9405
1832,,-1.1146,-0.3677,-1.8616,,,-0.8032,-0.6177,-0.9888
1833,,-1.0365,-0.2895,-1.7834,,,-0.851,-0.6654,-1.0366
1834,,-0.5831,0.1638,-1.33,,,-0.8937,-0.7081,-1.0793
1835,,-1.1615,-0.4146,-1.9085,,,-0.9281,-0.7425,-1.1137
1836,,-1.4273,-0.6804,-2.1742,,,-0.9496,-0.764,-1.1352
1837,,-1.099,-0.3521,-1.8459,,,-0.9554,-0.7698,-1.141
1838,,-1.0208,-0.2739,-1.7678,,,-0.9464,-0.7608,-1.1319
1839,,-0.8489,-0.102,-1.5958,,,-0.9253,-0.7397,-1.1108
1840,,-0.7707,-0.0238,-1.5176,,,-0.8954,-0.7098,-1.0809
1841,,-0.9114,-0.1645,-1.6583,,,-0.8594,-0.6739,-1.045
1842,,-0.8176,-0.0707,-1.5645,,,-0.8194,-0.6338,-1.005
1843,,-0.9583,-0.2114,-1.7052,,,-0.7773,-0.5917,-0.9628
1844,,-0.7551,-8.16E-03,-1.502,,,-0.7354,-0.5499,-0.921
1845,,-0.63,0.1169,-1.3769,,,-0.6975,-0.5119,-0.8831
1846,,-0.1141,0.6328,-0.8611,,,-0.6674,-0.4818,-0.853
1847,,-0.6613,0.0856,-1.4082,,,-0.6478,-0.4622,-0.8333
1848,,-0.3955,0.3514,-1.1425,,,-0.6374,-0.4519,-0.823
1849,,-0.8645,-0.1176,-1.6114,,,-0.6342,-0.4486,-0.8198
1850,0.1684,-0.7395,7.47E-03,-1.4864,,0.0717,-0.6346,-0.449,-0.8201
1851,-0.1774,-0.7551,-8.16E-03,-1.502,,0.068,-0.6364,-0.4508,-0.822
1852,0.0289,-0.5206,0.2263,-1.2675,,0.064,-0.6387,-0.4531,-0.8243
1853,0.1684,-0.5362,0.2107,-1.2831,,0.0585,-0.6414,-0.4558,-0.827
1854,0.2611,-0.7707,-0.0238,-1.5176,,0.0499,-0.6435,-0.4579,-0.8291
1855,0.1824,-0.7238,0.0231,-1.4707,,0.0376,-0.6434,-0.4578,-0.829
1856,-0.3499,-0.802,-0.0551,-1.5489,,0.0228,-0.6403,-0.4548,-0.8259
1857,-0.2206,-0.8332,-0.0863,-1.5802,,7.29E-03,-0.6345,-0.4489,-0.82
1858,0.2528,-0.3799,0.367,-1.1268,,-9.60E-03,-0.6275,-0.4419,-0.8131
1859,0.4748,-0.5988,0.1482,-1.3457,,-0.0302,-0.6223,-0.4367,-0.8079
1860,-0.1146,-0.5675,0.1794,-1.3144,,-0.0549,-0.6203,-0.4348,-0.8059
1861,-0.0264,-0.333,0.4139,-1.0799,,-0.0801,-0.6225,-0.437,-0.8081
1862,-0.5298,-0.6613,0.0856,-1.4082,,-0.102,-0.6289,-0.4433,-0.8145
1863,-0.1083,-0.5831,0.1638,-1.33,,-0.1171,-0.6375,-0.4519,-0.8231
1864,-0.2738,-0.7395,7.47E-03,-1.4864,,-0.1246,-0.6462,-0.4606,-0.8318
1865,0.0118,-0.7082,0.0387,-1.4551,,-0.1246,-0.6525,-0.467,-0.8381
1866,-0.274,-0.6926,0.0544,-1.4395,,-0.1179,-0.6547,-0.4691,-0.8403
1867,-0.7884,-0.8176,-0.0707,-1.5645,,-0.1049,-0.6515,-0.466,-0.8371
1868,0.5946,-0.4581,0.2889,-1.205,,-0.0881,-0.6424,-0.4569,-0.828
1869,-0.027,-0.7551,-8.16E-03,-1.502,,-0.0732,-0.6276,-0.442,-0.8132
1870,0.1503,-0.6144,0.1325,-1.3613,,-0.0629,-0.6066,-0.421,-0.7921
1871,-0.3671,-0.7863,-0.0394,-1.5333,,-0.0577,-0.5794,-0.3938,-0.765
1872,0.2335,-0.5362,0.2107,-1.2831,,-0.0577,-0.5467,-0.3612,-0.7323
1873,-0.0508,-0.4112,0.3358,-1.1581,,-0.0636,-0.5106,-0.325,-0.6962
1874,-0.2899,-0.6144,0.1325,-1.3613,,-0.0752,-0.473,-0.2874,-0.6586
1875,0.0556,-0.4112,0.3358,-1.1581,,-0.0918,-0.4357,-0.2501,-0.6213
1876,-0.0422,-0.5362,0.2107,-1.2831,,-0.1138,-0.401,-0.2154,-0.5865
1877,-0.1635,-0.3174,0.4296,-1.0643,,-0.1412,-0.3715,-0.1859,-0.5571
1878,0.0681,0.0734,0.8204,-0.6735,,-0.1728,-0.3507,-0.1651,-0.5363
1879,-0.4277,-0.2079,0.539,-0.9549,,-0.2076,-0.3411,-0.1556,-0.5267
1880,6.48E-03,-0.2548,0.4921,-1.0018,,-0.2431,-0.3424,-0.1568,-0.5279
1881,-0.3873,-0.3799,0.367,-1.1268,,-0.2776,-0.3522,-0.1666,-0.5378
1882,-0.2527,-0.1923,0.5546,-0.9392,,-0.308,-0.3677,-0.1821,-0.5533
1883,-0.2293,-0.4581,0.2889,-1.205,,-0.3318,-0.3858,-0.2002,-0.5714
1884,-0.8038,-0.8645,-0.1176,-1.6114,,-0.3461,-0.4023,-0.2167,-0.5878
1885,-0.7163,-0.4424,0.3045,-1.1894,,-0.3477,-0.414,-0.2284,-0.5995
1886,-0.2586,-0.0985,0.6484,-0.8454,,-0.3371,-0.4208,-0.2353,-0.6064
1887,-0.1403,-0.6613,0.0856,-1.4082,,-0.3176,-0.4233,-0.2377,-0.6089
1888,-0.6021,-0.6144,0.1325,-1.3613,,-0.2926,-0.42,-0.2344,-0.6056
1889,0.1655,-0.2236,0.5234,-0.9705,,-0.2643,-0.4111,-0.2255,-0.5967
1890,-0.1275,-0.4581,0.2889,-1.205,,-0.2363,-0.3979,-0.2124,-0.5835
1891,-0.3987,-0.3799,0.367,-1.1268,,-0.2096,-0.3811,-0.1955,-0.5667
1892,-0.3119,-0.4581,0.2889,-1.205,,-0.184,-0.3613,-0.1757,-0.5469
1893,-0.1599,-0.4424,0.3045,-1.1894,,-0.1607,-0.3395,-0.1539,-0.5251
1894,0.039,-0.3486,0.3983,-1.0956,,-0.142,-0.3173,-0.1318,-0.5029
1895,-0.2392,-0.0672,0.6797,-0.8142,,-0.1301,-0.2975,-0.1119,-0.483
1896,-0.0144,-0.3017,0.4452,-1.0487,,-0.1262,-0.2825,-0.0969,-0.468
1897,0.2245,-0.0516,0.6953,-0.7985,,-0.1317,-0.2735,-0.0879,-0.4591
1898,-0.0925,-0.2236,0.5234,-0.9705,,-0.1471,-0.2712,-0.0856,-0.4568
1899,-0.476,-0.4737,0.2732,-1.2206,,-0.1699,-0.2746,-0.089,-0.4602
1900,-0.0185,-0.2861,0.4608,-1.033,,-0.1975,-0.2825,-0.0969,-0.468
1901,0.3682,-4.71E-03,0.7422,-0.7516,,-0.2288,-0.2948,-0.1092,-0.4804
1902,-0.9135,-0.4737,0.2732,-1.2206,,-0.261,-0.3114,-0.1258,-0.497
1903,-0.657,-0.2861,0.4608,-1.033,,-0.2883,-0.3305,-0.1449,-0.5161
1904,-0.3921,-0.3799,0.367,-1.1268,,-0.3088,-0.3509,-0.1653,-0.5365
1905,-0.2128,-0.4424,0.3045,-1.1894,,-0.324,-0.3714,-0.1858,-0.5569
1906,0.1911,-0.333,0.4139,-1.0799,,-0.3365,-0.3909,-0.2053,-0.5764
1907,-0.8192,-0.5988,0.1482,-1.3457,,-0.3476,-0.4088,-0.2233,-0.5944
1908,-0.2806,-0.333,0.4139,-1.0799,,-0.3554,-0.4247,-0.2392,-0.6103
1909,-0.4356,-0.161,0.5859,-0.908,,-0.3604,-0.439,-0.2535,-0.6246
1910,-0.2006,-0.5519,0.1951,-1.2988,,-0.3634,-0.4514,-0.2658,-0.637
1911,3.04E-03,-0.2236,0.5234,-0.9705,,-0.3652,-0.4598,-0.2742,-0.6454
1912,-0.6372,-0.8176,-0.0707,-1.5645,,-0.3652,-0.462,-0.2764,-0.6476
1913,-0.625,-0.6769,0.07,-1.4238,,-0.3606,-0.4549,-0.2693,-0.6405
1914,-0.1759,-0.4737,0.2732,-1.2206,,-0.3501,-0.4378,-0.2522,-0.6234
1915,-0.394,-0.3486,0.3983,-1.0956,,-0.3343,-0.4119,-0.2264,-0.5975
1916,-0.4117,-0.333,0.4139,-1.0799,,-0.3133,-0.3792,-0.1936,-0.5648
1917,-0.2878,-0.5206,0.2263,-1.2675,,-0.2874,-0.341,-0.1554,-0.5265
1918,-0.6216,-0.4424,0.3045,-1.1894,,-0.2574,-0.2985,-0.1129,-0.4841
1919,-0.2886,-0.1454,0.6015,-0.8923,,-0.2254,-0.2544,-0.0689,-0.44
1920,0.1625,-4.71E-03,0.7422,-0.7516,,-0.1954,-0.2124,-0.0268,-0.398
1921,0.3608,0.0266,0.7735,-0.7204,,-0.1722,-0.1753,0.0103,-0.3608
1922,-0.0501,-0.2236,0.5234,-0.9705,,-0.1573,-0.144,0.0416,-0.3295
1923,-0.3203,-0.1923,0.5546,-0.9392,,-0.1482,-0.118,0.0676,-0.3036
1924,-0.2196,0.0891,0.836,-0.6578,,-0.1409,-0.0972,0.0884,-0.2828
1925,-0.0333,-0.036,0.7109,-0.7829,,-0.1325,-0.0816,0.104,-0.2671
1926,-0.3965,-0.1298,0.6171,-0.8767,,-0.1208,-0.0701,0.1155,-0.2556
1927,-0.0744,-0.1141,0.6328,-0.8611,,-0.1036,-0.0611,0.1245,-0.2467
1928,-0.3525,-0.0203,0.7266,-0.7673,,-0.0801,-0.0535,0.1321,-0.2391
1929,-0.2624,-0.3017,0.4452,-1.0487,,-0.0504,-0.0465,0.1391,-0.2321
1930,0.1546,0.433,1.1799,-0.3139,,-0.0165,-0.0396,0.146,-0.2252
1931,0.2363,-0.2236,0.5234,-0.9705,,0.0181,-0.0331,0.1525,-0.2186
1932,0.0425,-0.2079,0.539,-0.9549,,0.0507,-0.025,0.1606,-0.2105
1933,-0.0254,-4.71E-03,0.7422,-0.7516,,0.0806,-0.014,0.1716,-0.1996
1934,0.1594,-0.036,0.7109,-0.7829,,0.1071,-4.20E-04,0.1852,-0.186
1935,-0.1398,0.0891,0.836,-0.6578,,0.129,0.0152,0.2008,-0.1704
1936,0.423,-0.0516,0.6953,-0.7985,,0.1447,0.0323,0.2179,-0.1533
1937,0.3713,0.1516,0.8985,-0.5953,,0.1515,0.0504,0.236,-0.1351
1938,0.2939,0.1203,0.8673,-0.6266,,0.1483,0.0691,0.2546,-0.1165
1939,0.2606,0.1516,0.8985,-0.5953,,0.1361,0.0882,0.2737,-0.0974
1940,0.0671,-0.0516,0.6953,-0.7985,,0.1176,0.1083,0.2939,-0.0773
1941,-0.0617,-0.0203,0.7266,-0.7673,,0.0963,0.1303,0.3159,-0.0553
1942,-0.1541,0.1829,0.9298,-0.564,,0.0754,0.1539,0.3394,-0.0317
1943,0.201,0.2454,0.9923,-0.5015,,0.0566,0.1774,0.363,-8.14E-03
1944,0.0963,0.1829,0.9298,-0.564,,0.0399,0.1995,0.3851,0.0139
1945,-0.0831,0.261,1.008,-0.4859,,0.0264,0.219,0.4046,0.0334
1946,-0.1038,0.4486,1.1956,-0.2983,,0.0171,0.2351,0.4206,0.0495
1947,-0.1517,-0.0516,0.6953,-0.7985,,0.0125,0.2473,0.4329,0.0617
1948,0.2553,0.4799,1.2268,-0.267,,0.0119,0.2563,0.4419,0.0707
1949,-0.1032,-0.0829,0.664,-0.8298,,0.0136,0.2614,0.447,0.0758
1950,-0.1455,0.4955,1.2425,-0.2514,,0.0169,0.2625,0.448,0.0769
1951,0.0389,0.3392,1.0861,-0.4077,,0.0208,0.2577,0.4433,0.0722
1952,0.1168,0.1829,0.9298,-0.564,,0.0229,0.2466,0.4322,0.061
1953,0.3937,0.2923,1.0392,-0.4546,,0.0207,0.2293,0.4148,0.0437
1954,-0.0367,0.3705,1.1174,-0.3765,,0.0132,0.2057,0.3912,0.0201
1955,0.1831,0.4799,1.2268,-0.267,,1.69E-03,0.1765,0.362,-9.12E-03
1956,-0.3959,-0.1923,0.5546,-0.9392,,-0.0119,0.1438,0.3294,-0.0418
1957,0.0105,-0.0829,0.664,-0.8298,,-0.025,0.1117,0.2973,-0.0739
1958,-0.2264,-4.71E-03,0.7422,-0.7516,,-0.0375,0.082,0.2676,-0.1035
1959,0.0931,0.0422,0.7891,-0.7047,,-0.0499,0.0548,0.2403,-0.1308
1960,-0.02,0.0422,0.7891,-0.7047,,-0.0633,0.029,0.2146,-0.1566
1961,0.1171,0.1672,0.9142,-0.5797,,-0.0786,3.58E-03,0.1892,-0.182
1962,-0.0945,-0.036,0.7109,-0.7829,,-0.0956,-0.0223,0.1633,-0.2079
1963,-0.0714,0.0578,0.8047,-0.6891,,-0.1128,-0.0483,0.1372,-0.2339
1964,-0.2136,-0.0985,0.6484,-0.8454,,-0.1282,-0.074,0.1116,-0.2596
1965,-0.415,-0.2079,0.539,-0.9549,,-0.14,-0.098,0.0876,-0.2835
1966,-0.0789,-0.0203,0.7266,-0.7673,,-0.1469,-0.1192,0.0663,-0.3048
1967,0.1221,-4.71E-03,0.7422,-0.7516,,-0.1498,-0.1373,0.0482,-0.3229
1968,-0.3013,-0.3017,0.4452,-1.0487,,-0.1488,-0.1511,0.0345,-0.3367
1969,-0.3848,-0.2705,0.4765,-1.0174,,-0.1428,-0.1586,0.027,-0.3441
1970,-0.117,-0.0985,0.6484,-0.8454,,-0.1313,-0.1588,0.0268,-0.3444
1971,-0.1188,-0.2392,0.5077,-0.9861,,-0.1156,-0.1517,0.0339,-0.3373
1972,-0.2422,-0.3799,0.367,-1.1268,,-0.0976,-0.137,0.0485,-0.3226
1973,0.1614,-4.71E-03,0.7422,-0.7516,,-0.0792,-0.1155,0.07,-0.3011
1974,-0.0689,0.0578,0.8047,-0.6891,,-0.0628,-0.0894,0.0962,-0.275
1975,0.2961,-0.161,0.5859,-0.908,,-0.0496,-0.0604,0.1252,-0.2459
1976,-0.1533,-0.0985,0.6484,-0.8454,,-0.0399,-0.0291,0.1565,-0.2146
1977,0.2471,0.136,0.8829,-0.6109,,-0.032,3.29E-03,0.1889,-0.1823
1978,-0.5172,-0.1298,0.6171,-0.8767,,-0.0238,0.035,0.2206,-0.1505
1979,-0.0427,0.2141,0.9611,-0.5328,,-0.0123,0.0651,0.2506,-0.1205
1980,9.16E-04,0.3079,1.0549,-0.439,,2.47E-03,0.0916,0.2772,-0.094
1981,0.3209,0.0109,0.7578,-0.736,,0.0196,0.1139,0.2995,-0.0717
1982,-0.1214,0.1516,0.8985,-0.5953,,0.0386,0.1328,0.3184,-0.0527
1983,0.0237,0.1047,0.8516,-0.6422,,0.0608,0.1488,0.3344,-0.0368
1984,0.2757,0.136,0.8829,-0.6109,,0.0866,0.1622,0.3478,-0.0234
1985,-0.1631,0.2454,0.9923,-0.5015,,0.1166,0.1731,0.3587,-0.0124
1986,-0.016,0.2298,0.9767,-0.5171,,0.1518,0.1815,0.3671,-4.04E-03
1987,-0.1023,-0.0985,0.6484,-0.8454,,0.1915,0.1879,0.3734,2.28E-03
1988,0.5488,0.3548,1.1018,-0.3921,,0.2332,0.1925,0.3781,6.95E-03
1989,0.5005,0.501,1.2608,-0.2589,,0.2725,0.1944,0.3844,4.48E-03
1990,0.6082,0.2549,1.1104,-0.6007,,0.3069,0.1936,0.4175,-0.0303
1991,0.7487,0.0574,0.9219,-0.8071,,0.3366,0.1923,0.4186,-0.0339
1992,-0.176,-0.0841,0.7804,-0.9486,,0.3647,0.1937,0.4199,-0.0326
1993,0.0784,0.1645,1.0398,-0.7109,,0.3964,0.1994,0.4317,-0.0329
1994,0.4889,0.5897,1.4787,-0.2993,,0.4339,0.2092,0.4435,-0.025
1995,0.5948,0.062,0.9754,-0.8513,,0.4762,0.2228,0.4618,-0.0162
1996,0.2167,-0.0301,0.9089,-0.9692,,0.5225,0.2419,0.4894,-5.55E-03
1997,0.5163,0.2408,1.1799,-0.6982,,0.5725,0.2675,0.515,0.0201
1998,0.9611,0.4538,1.3928,-0.4853,,0.6237,0.2985,0.5459,0.051
1999,0.5752,0.2619,1.2007,-0.677,,0.6735,0.3333,0.5807,0.0859
2000,0.6876,0.4872,1.4261,-0.4516,,0.7213,0.3713,0.6187,0.1239
2001,1.0271,0.102,1.0536,-0.8496,,0.7661,0.4118,0.6626,0.161
2002,0.7353,0.3621,1.3209,-0.5968,,0.8071,0.4543,0.7036,0.2051
2003,0.9968,0.8924,1.9026,-0.1178,,0.8451,0.4963,0.7644,0.2283
2004,0.5059,0.5868,1.6286,-0.455,,0.881,0.5349,0.8094,0.2603
2005,0.9921,0.7201,1.8299,-0.3896,,0.916,0.5695,0.8599,0.279
2006,1.0678,0.4598,1.6872,-0.7676,,0.9491,0.6008,0.9157,0.286
2007,1.1377,0.4953,1.7719,-0.7814,,0.9796,0.6306,0.9498,0.3115
2008,0.9027,0.4516,1.7639,-0.8608,,1.0078,0.6595,0.9897,0.3294
2009,0.5112,0.5434,1.8557,-0.7689,,1.0352,0.6868,1.017,0.3566
2010,1.3443,0.9108,2.2232,-0.4015,,1.0618,0.7099,1.04,0.3797
2011,1.0157,1.2588,3.0451,-0.5274,,1.0846,0.7253,1.5581,-0.1076
2012,1.4992,,,,,1.1015,,,
2013,1.1295,,,,,1.1111,,,
2014,1.1004,,,,,1.1144,,,
